trade_date,trade_time,ticker,client_group,position,position_long,position_short,position_long_count,position_short_count,session_id,sequence_number,system_time,trade_session_date
2024-04-04,10:55:00,IMOEXF,FIZ,6666.0,26593.0,-19927.0,1291,500,7025,83,2025-06-21T16:22:46+00:00,2024-04-04
2024-04-04,10:55:00,IMOEXF,YUR,-6666.0,5774.0,-12440.0,5,8,7025,83,2025-06-21T16:22:46+00:00,2024-04-04
2024-04-04,11:00:00,IMOEXF,FIZ,6668.0,26591.0,-19923.0,1293,499,7025,84,2025-06-21T16:22:46+00:00,2024-04-04
2024-04-04,11:00:00,IMOEXF,YUR,-6668.0,5772.0,-12440.0,5,8,7025,84,2025-06-21T16:22:46+00:00,2024-04-04
2024-04-04,11:05:00,IMOEXF,FIZ,6645.0,26583.0,-19938.0,1294,499,7025,85,2025-06-21T16:22:46+00:00,2024-04-04
2024-04-04,11:05:00,IMOEXF,YUR,-6645.0,5772.0,-12417.0,5,8,7025,85,2025-06-21T16:22:46+00:00,2024-04-04
2024-04-04,11:10:00,IMOEXF,FIZ,6533.0,26515.0,-19982.0,1295,499,7025,86,2025-06-21T16:22:46+00:00,2024-04-04
2024-04-04,11:10:00,IMOEXF,YUR,-6533.0,5772.0,-12305.0,5,8,7025,86,2025-06-21T16:22:46+00:00,2024-04-04
2024-04-04,11:15:00,IMOEXF,FIZ,6555.0,26538.0,-19983.0,1297,500,7025,87,2025-06-21T16:22:46+00:00,2024-04-04
2024-04-04,11:15:00,IMOEXF,YUR,-6555.0,5772.0,-12327.0,5,8,7025,87,2025-06-21T16:22:46+00:00,2024-04-04
2024-04-04,11:20:00,IMOEXF,FIZ,6564.0,26571.0,-20007.0,1300,502,7025,88,2025-06-21T16:22:46+00:00,2024-04-04
2024-04-04,11:20:00,IMOEXF,YUR,-6564.0,5772.0,-12336.0,5,8,7025,88,2025-06-21T16:22:46+00:00,2024-04-04
2024-04-04,11:25:00,IMOEXF,FIZ,6565.0,26572.0,-20007.0,1300,501,7025,89,2025-06-21T16:22:46+00:00,2024-04-04
2024-04-04,11:25:00,IMOEXF,YUR,-6565.0,5772.0,-12337.0,5,8,7025,89,2025-06-21T16:22:46+00:00,2024-04-04
2024-04-04,11:30:00,IMOEXF,FIZ,6564.0,26576.0,-20012.0,1302,503,7025,90,2025-06-21T16:22:46+00:00,2024-04-04
2024-04-04,11:30:00,IMOEXF,YUR,-6564.0,5772.0,-12336.0,5,8,7025,90,2025-06-21T16:22:46+00:00,2024-04-04
2024-04-04,11:35:00,IMOEXF,FIZ,6280.0,26319.0,-20039.0,1303,505,7025,91,2025-06-21T16:22:46+00:00,2024-04-04
2024-04-04,11:35:00,IMOEXF,YUR,-6280.0,5772.0,-12052.0,5,8,7025,91,2025-06-21T16:22:46+00:00,2024-04-04
2024-04-04,11:40:00,IMOEXF,FIZ,6280.0,26323.0,-20043.0,1304,505,7025,92,2025-06-21T16:22:46+00:00,2024-04-04
2024-04-04,11:40:00,IMOEXF,YUR,-6280.0,5772.0,-12052.0,5,8,7025,92,2025-06-21T16:22:46+00:00,2024-04-04
2024-04-04,11:45:00,IMOEXF,FIZ,6139.0,26292.0,-20153.0,1305,509,7025,93,2025-06-21T16:22:46+00:00,2024-04-04
2024-04-04,11:45:00,IMOEXF,YUR,-6139.0,5772.0,-11911.0,5,8,7025,93,2025-06-21T16:22:46+00:00,2024-04-04
2024-04-04,11:50:00,IMOEXF,FIZ,6038.0,26290.0,-20252.0,1305,511,7025,94,2025-06-21T16:22:46+00:00,2024-04-04
2024-04-04,11:50:00,IMOEXF,YUR,-6038.0,5772.0,-11810.0,5,8,7025,94,2025-06-21T16:22:46+00:00,2024-04-04
2024-04-04,11:55:00,IMOEXF,FIZ,6004.0,26279.0,-20275.0,1304,512,7025,95,2025-06-21T16:22:46+00:00,2024-04-04
2024-04-04,11:55:00,IMOEXF,YUR,-6004.0,5772.0,-11776.0,5,8,7025,95,2025-06-21T16:22:46+00:00,2024-04-04
2024-04-04,12:00:00,IMOEXF,FIZ,5987.0,26261.0,-20274.0,1303,511,7025,96,2025-06-21T16:22:46+00:00,2024-04-04
2024-04-04,12:00:00,IMOEXF,YUR,-5987.0,5772.0,-11759.0,5,8,7025,96,2025-06-21T16:22:46+00:00,2024-04-04
2024-04-04,12:05:00,IMOEXF,FIZ,5987.0,26261.0,-20274.0,1303,511,7025,97,2025-06-21T16:22:46+00:00,2024-04-04
2024-04-04,12:05:00,IMOEXF,YUR,-5987.0,5772.0,-11759.0,5,8,7025,97,2025-06-21T16:22:46+00:00,2024-04-04
2024-04-04,12:10:00,IMOEXF,FIZ,5929.0,26244.0,-20315.0,1305,510,7025,98,2025-06-21T16:22:46+00:00,2024-04-04
2024-04-04,12:10:00,IMOEXF,YUR,-5929.0,5772.0,-11701.0,5,8,7025,98,2025-06-21T16:22:46+00:00,2024-04-04
2024-04-04,12:15:00,IMOEXF,FIZ,5878.0,26220.0,-20342.0,1305,511,7025,99,2025-06-21T16:22:46+00:00,2024-04-04
2024-04-04,12:15:00,IMOEXF,YUR,-5878.0,5772.0,-11650.0,5,8,7025,99,2025-06-21T16:22:46+00:00,2024-04-04
2024-04-04,12:20:00,IMOEXF,FIZ,5877.0,26219.0,-20342.0,1305,510,7025,100,2025-06-21T16:22:46+00:00,2024-04-04
2024-04-04,12:20:00,IMOEXF,YUR,-5877.0,5772.0,-11649.0,5,8,7025,100,2025-06-21T16:22:46+00:00,2024-04-04
2024-04-04,12:25:00,IMOEXF,FIZ,5834.0,26179.0,-20345.0,1304,510,7025,101,2025-06-21T16:22:46+00:00,2024-04-04
2024-04-04,12:25:00,IMOEXF,YUR,-5834.0,5772.0,-11606.0,5,8,7025,101,2025-06-21T16:22:46+00:00,2024-04-04
2024-04-04,12:30:00,IMOEXF,FIZ,5751.0,26164.0,-20413.0,1304,512,7025,102,2025-06-21T16:22:46+00:00,2024-04-04
2024-04-04,12:30:00,IMOEXF,YUR,-5751.0,5772.0,-11523.0,5,8,7025,102,2025-06-21T16:22:46+00:00,2024-04-04
2024-04-04,12:35:00,IMOEXF,FIZ,5705.0,26128.0,-20423.0,1303,511,7025,103,2025-06-21T16:22:46+00:00,2024-04-04
2024-04-04,12:35:00,IMOEXF,YUR,-5705.0,5772.0,-11477.0,5,8,7025,103,2025-06-21T16:22:46+00:00,2024-04-04
2024-04-04,12:40:00,IMOEXF,FIZ,5701.0,26136.0,-20435.0,1305,511,7025,104,2025-06-21T16:22:46+00:00,2024-04-04
2024-04-04,12:40:00,IMOEXF,YUR,-5701.0,5772.0,-11473.0,5,8,7025,104,2025-06-21T16:22:46+00:00,2024-04-04
2024-04-04,12:45:00,IMOEXF,FIZ,5649.0,26082.0,-20433.0,1304,512,7025,105,2025-06-21T16:22:46+00:00,2024-04-04
2024-04-04,12:45:00,IMOEXF,YUR,-5649.0,5772.0,-11421.0,5,8,7025,105,2025-06-21T16:22:46+00:00,2024-04-04
2024-04-04,12:50:00,IMOEXF,FIZ,5637.0,26085.0,-20448.0,1306,513,7025,106,2025-06-21T16:22:46+00:00,2024-04-04
2024-04-04,12:50:00,IMOEXF,YUR,-5637.0,5772.0,-11409.0,5,8,7025,106,2025-06-21T16:22:46+00:00,2024-04-04
2024-04-04,12:55:00,IMOEXF,FIZ,5608.0,26085.0,-20477.0,1306,514,7025,107,2025-06-21T16:22:46+00:00,2024-04-04
2024-04-04,12:55:00,IMOEXF,YUR,-5608.0,5771.0,-11379.0,5,8,7025,107,2025-06-21T16:22:46+00:00,2024-04-04
2024-04-04,13:00:00,IMOEXF,FIZ,5602.0,26082.0,-20480.0,1308,514,7025,108,2025-06-21T16:22:46+00:00,2024-04-04
2024-04-04,13:00:00,IMOEXF,YUR,-5602.0,5770.0,-11372.0,5,8,7025,108,2025-06-21T16:22:46+00:00,2024-04-04
2024-04-04,13:05:00,IMOEXF,FIZ,5578.0,26064.0,-20486.0,1304,514,7025,109,2025-06-21T16:22:46+00:00,2024-04-04
2024-04-04,13:05:00,IMOEXF,YUR,-5578.0,5769.0,-11347.0,4,9,7025,109,2025-06-21T16:22:46+00:00,2024-04-04
2024-04-04,13:10:00,IMOEXF,FIZ,5414.0,25977.0,-20563.0,1302,516,7025,110,2025-06-21T16:22:46+00:00,2024-04-04
2024-04-04,13:10:00,IMOEXF,YUR,-5414.0,5769.0,-11183.0,4,9,7025,110,2025-06-21T16:22:46+00:00,2024-04-04
2024-04-04,13:15:00,IMOEXF,FIZ,5415.0,26022.0,-20607.0,1301,517,7025,111,2025-06-21T16:22:46+00:00,2024-04-04
2024-04-04,13:15:00,IMOEXF,YUR,-5415.0,5769.0,-11184.0,4,9,7025,111,2025-06-21T16:22:46+00:00,2024-04-04
2024-04-04,13:20:00,IMOEXF,FIZ,5428.0,26039.0,-20611.0,1302,517,7025,112,2025-06-21T16:22:46+00:00,2024-04-04
2024-04-04,13:20:00,IMOEXF,YUR,-5428.0,5769.0,-11197.0,4,9,7025,112,2025-06-21T16:22:46+00:00,2024-04-04
2024-04-04,13:25:00,IMOEXF,FIZ,5418.0,26030.0,-20612.0,1303,518,7025,113,2025-06-21T16:22:46+00:00,2024-04-04
2024-04-04,13:25:00,IMOEXF,YUR,-5418.0,5769.0,-11187.0,4,9,7025,113,2025-06-21T16:22:46+00:00,2024-04-04
2024-04-04,13:30:00,IMOEXF,FIZ,5412.0,26069.0,-20657.0,1307,521,7025,114,2025-06-21T16:22:46+00:00,2024-04-04
2024-04-04,13:30:00,IMOEXF,YUR,-5412.0,5769.0,-11181.0,4,9,7025,114,2025-06-21T16:22:46+00:00,2024-04-04
2024-04-04,13:35:00,IMOEXF,FIZ,5409.0,26064.0,-20655.0,1307,521,7025,115,2025-06-21T16:22:46+00:00,2024-04-04
2024-04-04,13:35:00,IMOEXF,YUR,-5409.0,5769.0,-11178.0,4,9,7025,115,2025-06-21T16:22:46+00:00,2024-04-04
2024-04-04,13:40:00,IMOEXF,FIZ,5404.0,26066.0,-20662.0,1308,522,7025,116,2025-06-21T16:22:46+00:00,2024-04-04
2024-04-04,13:40:00,IMOEXF,YUR,-5404.0,5769.0,-11173.0,4,9,7025,116,2025-06-21T16:22:46+00:00,2024-04-04
2024-04-04,13:45:00,IMOEXF,FIZ,5404.0,26066.0,-20662.0,1308,523,7025,117,2025-06-21T16:22:46+00:00,2024-04-04
2024-04-04,13:45:00,IMOEXF,YUR,-5404.0,5769.0,-11173.0,4,9,7025,117,2025-06-21T16:22:46+00:00,2024-04-04
2024-04-04,13:50:00,IMOEXF,FIZ,5444.0,26106.0,-20662.0,1306,523,7025,118,2025-06-21T16:22:46+00:00,2024-04-04
2024-04-04,13:50:00,IMOEXF,YUR,-5444.0,5769.0,-11213.0,4,9,7025,118,2025-06-21T16:22:46+00:00,2024-04-04
2024-04-04,13:55:00,IMOEXF,FIZ,5444.0,26116.0,-20672.0,1307,523,7025,119,2025-06-21T16:22:46+00:00,2024-04-04
2024-04-04,13:55:00,IMOEXF,YUR,-5444.0,5769.0,-11213.0,4,9,7025,119,2025-06-21T16:22:46+00:00,2024-04-04
2024-04-04,14:10:00,IMOEXF,FIZ,5433.0,26107.0,-20674.0,1305,523,7025,121,2025-06-21T16:22:46+00:00,2024-04-04
2024-04-04,14:10:00,IMOEXF,YUR,-5433.0,5769.0,-11202.0,4,9,7025,121,2025-06-21T16:22:46+00:00,2024-04-04
2024-04-04,14:15:00,IMOEXF,FIZ,5433.0,26107.0,-20674.0,1305,523,7025,122,2025-06-21T16:22:46+00:00,2024-04-04
2024-04-04,14:15:00,IMOEXF,YUR,-5433.0,5769.0,-11202.0,4,9,7025,122,2025-06-21T16:22:46+00:00,2024-04-04
2024-04-04,14:20:00,IMOEXF,FIZ,5430.0,26110.0,-20680.0,1306,523,7025,123,2025-06-21T16:22:46+00:00,2024-04-04
2024-04-04,14:20:00,IMOEXF,YUR,-5430.0,5769.0,-11199.0,4,9,7025,123,2025-06-21T16:22:46+00:00,2024-04-04
2024-04-04,14:25:00,IMOEXF,FIZ,5417.0,26110.0,-20693.0,1306,524,7025,124,2025-06-21T16:22:46+00:00,2024-04-04
2024-04-04,14:25:00,IMOEXF,YUR,-5417.0,5769.0,-11186.0,4,9,7025,124,2025-06-21T16:22:46+00:00,2024-04-04
2024-04-04,14:30:00,IMOEXF,FIZ,5401.0,26122.0,-20721.0,1306,526,7025,125,2025-06-21T16:22:46+00:00,2024-04-04
2024-04-04,14:30:00,IMOEXF,YUR,-5401.0,5769.0,-11170.0,4,9,7025,125,2025-06-21T16:22:46+00:00,2024-04-04
2024-04-04,14:35:00,IMOEXF,FIZ,5401.0,26121.0,-20720.0,1306,526,7025,126,2025-06-21T16:22:46+00:00,2024-04-04
2024-04-04,14:35:00,IMOEXF,YUR,-5401.0,5769.0,-11170.0,4,9,7025,126,2025-06-21T16:22:46+00:00,2024-04-04
2024-04-04,14:40:00,IMOEXF,FIZ,5401.0,26126.0,-20725.0,1307,527,7025,127,2025-06-21T16:22:46+00:00,2024-04-04
2024-04-04,14:40:00,IMOEXF,YUR,-5401.0,5769.0,-11170.0,4,9,7025,127,2025-06-21T16:22:46+00:00,2024-04-04
2024-04-04,14:45:00,IMOEXF,FIZ,5399.0,26128.0,-20729.0,1309,526,7025,128,2025-06-21T16:22:46+00:00,2024-04-04
2024-04-04,14:45:00,IMOEXF,YUR,-5399.0,5769.0,-11168.0,4,9,7025,128,2025-06-21T16:22:46+00:00,2024-04-04
2024-04-04,14:50:00,IMOEXF,FIZ,5284.0,26119.0,-20835.0,1307,526,7025,129,2025-06-21T16:22:46+00:00,2024-04-04
2024-04-04,14:50:00,IMOEXF,YUR,-5284.0,5769.0,-11053.0,4,9,7025,129,2025-06-21T16:22:46+00:00,2024-04-04
2024-04-04,14:55:00,IMOEXF,FIZ,5281.0,26142.0,-20861.0,1307,528,7025,130,2025-06-21T16:22:46+00:00,2024-04-04
2024-04-04,14:55:00,IMOEXF,YUR,-5281.0,5769.0,-11050.0,4,9,7025,130,2025-06-21T16:22:46+00:00,2024-04-04
2024-04-04,15:00:00,IMOEXF,FIZ,5281.0,26147.0,-20866.0,1306,529,7025,131,2025-06-21T16:22:46+00:00,2024-04-04
2024-04-04,15:00:00,IMOEXF,YUR,-5281.0,5769.0,-11050.0,4,9,7025,131,2025-06-21T16:22:46+00:00,2024-04-04
2024-04-04,15:05:00,IMOEXF,FIZ,5272.0,26142.0,-20870.0,1305,529,7025,132,2025-06-21T16:22:46+00:00,2024-04-04
2024-04-04,15:05:00,IMOEXF,YUR,-5272.0,5769.0,-11041.0,4,9,7025,132,2025-06-21T16:22:46+00:00,2024-04-04
2024-04-04,15:10:00,IMOEXF,FIZ,5272.0,26142.0,-20870.0,1305,529,7025,133,2025-06-21T16:22:46+00:00,2024-04-04
2024-04-04,15:10:00,IMOEXF,YUR,-5272.0,5769.0,-11041.0,4,9,7025,133,2025-06-21T16:22:46+00:00,2024-04-04
2024-04-04,15:15:00,IMOEXF,FIZ,5272.0,26143.0,-20871.0,1305,529,7025,134,2025-06-21T16:22:46+00:00,2024-04-04
2024-04-04,15:15:00,IMOEXF,YUR,-5272.0,5769.0,-11041.0,4,9,7025,134,2025-06-21T16:22:46+00:00,2024-04-04
2024-04-04,15:20:00,IMOEXF,FIZ,5272.0,26146.0,-20874.0,1306,527,7025,135,2025-06-21T16:22:46+00:00,2024-04-04
2024-04-04,15:20:00,IMOEXF,YUR,-5272.0,5769.0,-11041.0,4,9,7025,135,2025-06-21T16:22:46+00:00,2024-04-04
2024-04-04,15:25:00,IMOEXF,FIZ,5272.0,26146.0,-20874.0,1304,527,7025,136,2025-06-21T16:22:46+00:00,2024-04-04
2024-04-04,15:25:00,IMOEXF,YUR,-5272.0,5769.0,-11041.0,4,9,7025,136,2025-06-21T16:22:46+00:00,2024-04-04
2024-04-04,15:30:00,IMOEXF,FIZ,5272.0,26146.0,-20874.0,1304,527,7025,137,2025-06-21T16:22:46+00:00,2024-04-04
2024-04-04,15:30:00,IMOEXF,YUR,-5272.0,5769.0,-11041.0,4,9,7025,137,2025-06-21T16:22:46+00:00,2024-04-04
2024-04-04,15:35:00,IMOEXF,FIZ,5272.0,26154.0,-20882.0,1303,528,7025,138,2025-06-21T16:22:46+00:00,2024-04-04
2024-04-04,15:35:00,IMOEXF,YUR,-5272.0,5769.0,-11041.0,4,9,7025,138,2025-06-21T16:22:46+00:00,2024-04-04
2024-04-04,15:40:00,IMOEXF,FIZ,5272.0,26154.0,-20882.0,1303,527,7025,139,2025-06-21T16:22:46+00:00,2024-04-04
2024-04-04,15:40:00,IMOEXF,YUR,-5272.0,5769.0,-11041.0,4,9,7025,139,2025-06-21T16:22:46+00:00,2024-04-04
2024-04-04,15:45:00,IMOEXF,FIZ,5272.0,26155.0,-20883.0,1303,527,7025,140,2025-06-21T16:22:46+00:00,2024-04-04
2024-04-04,15:45:00,IMOEXF,YUR,-5272.0,5769.0,-11041.0,4,9,7025,140,2025-06-21T16:22:46+00:00,2024-04-04
2024-04-04,15:50:00,IMOEXF,FIZ,5272.0,26160.0,-20888.0,1303,528,7025,141,2025-06-21T16:22:46+00:00,2024-04-04
2024-04-04,15:50:00,IMOEXF,YUR,-5272.0,5769.0,-11041.0,4,9,7025,141,2025-06-21T16:22:46+00:00,2024-04-04
2024-04-04,15:55:00,IMOEXF,FIZ,5269.0,26160.0,-20891.0,1303,529,7025,142,2025-06-21T16:22:46+00:00,2024-04-04
2024-04-04,15:55:00,IMOEXF,YUR,-5269.0,5769.0,-11038.0,4,9,7025,142,2025-06-21T16:22:46+00:00,2024-04-04
2024-04-04,16:00:00,IMOEXF,FIZ,5268.0,26160.0,-20892.0,1303,528,7025,143,2025-06-21T16:22:46+00:00,2024-04-04
2024-04-04,16:00:00,IMOEXF,YUR,-5268.0,5769.0,-11037.0,4,9,7025,143,2025-06-21T16:22:46+00:00,2024-04-04
2024-04-04,16:05:00,IMOEXF,FIZ,5267.0,26157.0,-20890.0,1302,528,7025,144,2025-06-21T16:22:46+00:00,2024-04-04
2024-04-04,16:05:00,IMOEXF,YUR,-5267.0,5769.0,-11036.0,4,9,7025,144,2025-06-21T16:22:46+00:00,2024-04-04
2024-04-04,16:10:00,IMOEXF,FIZ,5244.0,26152.0,-20908.0,1301,529,7025,145,2025-06-21T16:22:46+00:00,2024-04-04
2024-04-04,16:10:00,IMOEXF,YUR,-5244.0,5769.0,-11013.0,4,9,7025,145,2025-06-21T16:22:46+00:00,2024-04-04
2024-04-04,16:15:00,IMOEXF,FIZ,5244.0,26152.0,-20908.0,1301,529,7025,146,2025-06-21T16:22:46+00:00,2024-04-04
2024-04-04,16:15:00,IMOEXF,YUR,-5244.0,5769.0,-11013.0,4,9,7025,146,2025-06-21T16:22:46+00:00,2024-04-04
2024-04-04,16:20:00,IMOEXF,FIZ,5238.0,26147.0,-20909.0,1300,528,7025,147,2025-06-21T16:22:46+00:00,2024-04-04
2024-04-04,16:20:00,IMOEXF,YUR,-5238.0,5769.0,-11007.0,4,9,7025,147,2025-06-21T16:22:46+00:00,2024-04-04
2024-04-04,16:25:00,IMOEXF,FIZ,5237.0,26146.0,-20909.0,1300,528,7025,148,2025-06-21T16:22:46+00:00,2024-04-04
2024-04-04,16:25:00,IMOEXF,YUR,-5237.0,5769.0,-11006.0,4,9,7025,148,2025-06-21T16:22:46+00:00,2024-04-04
2024-04-04,16:30:00,IMOEXF,FIZ,5237.0,26146.0,-20909.0,1300,528,7025,149,2025-06-21T16:22:46+00:00,2024-04-04
2024-04-04,16:30:00,IMOEXF,YUR,-5237.0,5769.0,-11006.0,4,9,7025,149,2025-06-21T16:22:46+00:00,2024-04-04
2024-04-04,16:35:00,IMOEXF,FIZ,5237.0,26149.0,-20912.0,1299,528,7025,150,2025-06-21T16:22:46+00:00,2024-04-04
2024-04-04,16:35:00,IMOEXF,YUR,-5237.0,5769.0,-11006.0,4,9,7025,150,2025-06-21T16:22:46+00:00,2024-04-04
2024-04-04,16:40:00,IMOEXF,FIZ,5229.0,26141.0,-20912.0,1300,528,7025,151,2025-06-21T16:22:46+00:00,2024-04-04
2024-04-04,16:40:00,IMOEXF,YUR,-5229.0,5769.0,-10998.0,4,9,7025,151,2025-06-21T16:22:46+00:00,2024-04-04
2024-04-04,16:45:00,IMOEXF,FIZ,5220.0,26138.0,-20918.0,1302,526,7025,152,2025-06-21T16:22:46+00:00,2024-04-04
2024-04-04,16:45:00,IMOEXF,YUR,-5220.0,5769.0,-10989.0,4,9,7025,152,2025-06-21T16:22:46+00:00,2024-04-04
2024-04-04,16:50:00,IMOEXF,FIZ,5132.0,26033.0,-20901.0,1300,525,7025,153,2025-06-21T16:22:46+00:00,2024-04-04
2024-04-04,16:50:00,IMOEXF,YUR,-5132.0,5769.0,-10901.0,4,9,7025,153,2025-06-21T16:22:46+00:00,2024-04-04
2024-04-04,16:55:00,IMOEXF,FIZ,5078.0,26037.0,-20959.0,1299,528,7025,154,2025-06-21T16:22:46+00:00,2024-04-04
2024-04-04,16:55:00,IMOEXF,YUR,-5078.0,5769.0,-10847.0,4,9,7025,154,2025-06-21T16:22:46+00:00,2024-04-04
2024-04-04,17:00:00,IMOEXF,FIZ,5066.0,26029.0,-20963.0,1299,529,7025,155,2025-06-21T16:22:46+00:00,2024-04-04
2024-04-04,17:00:00,IMOEXF,YUR,-5066.0,5769.0,-10835.0,4,9,7025,155,2025-06-21T16:22:46+00:00,2024-04-04
2024-04-04,17:05:00,IMOEXF,FIZ,5066.0,26006.0,-20940.0,1301,528,7025,156,2025-06-21T16:22:46+00:00,2024-04-04
2024-04-04,17:05:00,IMOEXF,YUR,-5066.0,5769.0,-10835.0,4,9,7025,156,2025-06-21T16:22:46+00:00,2024-04-04
2024-04-04,17:10:00,IMOEXF,FIZ,5066.0,26006.0,-20940.0,1301,528,7025,157,2025-06-21T16:22:46+00:00,2024-04-04
2024-04-04,17:10:00,IMOEXF,YUR,-5066.0,5769.0,-10835.0,4,9,7025,157,2025-06-21T16:22:46+00:00,2024-04-04
2024-04-04,17:15:00,IMOEXF,FIZ,5063.0,26003.0,-20940.0,1300,528,7025,158,2025-06-21T16:22:46+00:00,2024-04-04
2024-04-04,17:15:00,IMOEXF,YUR,-5063.0,5769.0,-10832.0,4,9,7025,158,2025-06-21T16:22:46+00:00,2024-04-04
2024-04-04,17:20:00,IMOEXF,FIZ,5062.0,25998.0,-20936.0,1300,527,7025,159,2025-06-21T16:22:46+00:00,2024-04-04
2024-04-04,17:20:00,IMOEXF,YUR,-5062.0,5769.0,-10831.0,4,9,7025,159,2025-06-21T16:22:46+00:00,2024-04-04
2024-04-04,17:25:00,IMOEXF,FIZ,4945.0,25888.0,-20943.0,1298,528,7025,160,2025-06-21T16:22:46+00:00,2024-04-04
2024-04-04,17:25:00,IMOEXF,YUR,-4945.0,5769.0,-10714.0,4,9,7025,160,2025-06-21T16:22:46+00:00,2024-04-04
2024-04-04,17:30:00,IMOEXF,FIZ,4826.0,25847.0,-21021.0,1295,530,7025,161,2025-06-21T16:22:46+00:00,2024-04-04
2024-04-04,17:30:00,IMOEXF,YUR,-4826.0,5769.0,-10595.0,4,9,7025,161,2025-06-21T16:22:46+00:00,2024-04-04
2024-04-04,17:35:00,IMOEXF,FIZ,4811.0,25816.0,-21005.0,1295,526,7025,162,2025-06-21T16:22:46+00:00,2024-04-04
2024-04-04,17:35:00,IMOEXF,YUR,-4811.0,5769.0,-10580.0,4,9,7025,162,2025-06-21T16:22:46+00:00,2024-04-04
2024-04-04,17:40:00,IMOEXF,FIZ,4680.0,25831.0,-21151.0,1294,525,7025,163,2025-06-21T16:22:46+00:00,2024-04-04
2024-04-04,17:40:00,IMOEXF,YUR,-4680.0,5769.0,-10449.0,4,9,7025,163,2025-06-21T16:22:46+00:00,2024-04-04
2024-04-04,17:45:00,IMOEXF,FIZ,4680.0,25840.0,-21160.0,1295,526,7025,164,2025-06-21T16:22:46+00:00,2024-04-04
2024-04-04,17:45:00,IMOEXF,YUR,-4680.0,5769.0,-10449.0,4,9,7025,164,2025-06-21T16:22:46+00:00,2024-04-04
2024-04-04,17:50:00,IMOEXF,FIZ,4680.0,25846.0,-21166.0,1295,527,7025,165,2025-06-21T16:22:46+00:00,2024-04-04
2024-04-04,17:50:00,IMOEXF,YUR,-4680.0,5769.0,-10449.0,4,9,7025,165,2025-06-21T16:22:46+00:00,2024-04-04
2024-04-04,17:55:00,IMOEXF,FIZ,4681.0,25881.0,-21200.0,1293,529,7025,166,2025-06-21T16:22:46+00:00,2024-04-04
2024-04-04,17:55:00,IMOEXF,YUR,-4681.0,5769.0,-10450.0,4,9,7025,166,2025-06-21T16:22:46+00:00,2024-04-04
2024-04-04,18:00:00,IMOEXF,FIZ,4681.0,25884.0,-21203.0,1294,532,7025,167,2025-06-21T16:22:46+00:00,2024-04-04
2024-04-04,18:00:00,IMOEXF,YUR,-4681.0,5769.0,-10450.0,4,9,7025,167,2025-06-21T16:22:46+00:00,2024-04-04
2024-04-04,18:05:00,IMOEXF,FIZ,4681.0,25869.0,-21188.0,1296,532,7025,168,2025-06-21T16:22:46+00:00,2024-04-04
2024-04-04,18:05:00,IMOEXF,YUR,-4681.0,5769.0,-10450.0,4,9,7025,168,2025-06-21T16:22:46+00:00,2024-04-04
2024-04-04,18:10:00,IMOEXF,FIZ,4679.0,25867.0,-21188.0,1294,532,7025,169,2025-06-21T16:22:46+00:00,2024-04-04
2024-04-04,18:10:00,IMOEXF,YUR,-4679.0,5769.0,-10448.0,4,9,7025,169,2025-06-21T16:22:46+00:00,2024-04-04
2024-04-04,18:15:00,IMOEXF,FIZ,4719.0,25862.0,-21143.0,1295,533,7025,170,2025-06-21T16:22:46+00:00,2024-04-04
2024-04-04,18:15:00,IMOEXF,YUR,-4719.0,5769.0,-10488.0,4,9,7025,170,2025-06-21T16:22:46+00:00,2024-04-04
2024-04-04,18:20:00,IMOEXF,FIZ,4719.0,25858.0,-21139.0,1293,533,7025,171,2025-06-21T16:22:46+00:00,2024-04-04
2024-04-04,18:20:00,IMOEXF,YUR,-4719.0,5769.0,-10488.0,4,9,7025,171,2025-06-21T16:22:46+00:00,2024-04-04
2024-04-04,18:25:00,IMOEXF,FIZ,4709.0,25838.0,-21129.0,1291,534,7025,172,2025-06-21T16:22:46+00:00,2024-04-04
2024-04-04,18:25:00,IMOEXF,YUR,-4709.0,5769.0,-10478.0,4,9,7025,172,2025-06-21T16:22:46+00:00,2024-04-04
2024-04-04,18:30:00,IMOEXF,FIZ,4709.0,25833.0,-21124.0,1292,534,7025,173,2025-06-21T16:22:46+00:00,2024-04-04
2024-04-04,18:30:00,IMOEXF,YUR,-4709.0,5769.0,-10478.0,4,9,7025,173,2025-06-21T16:22:46+00:00,2024-04-04
2024-04-04,18:35:00,IMOEXF,FIZ,4505.0,25378.0,-20873.0,1294,531,7025,174,2025-06-21T16:22:46+00:00,2024-04-04
2024-04-04,18:35:00,IMOEXF,YUR,-4505.0,5770.0,-10275.0,5,8,7025,174,2025-06-21T16:22:46+00:00,2024-04-04
2024-04-04,18:40:00,IMOEXF,FIZ,4502.0,25362.0,-20860.0,1293,531,7025,175,2025-06-21T16:22:46+00:00,2024-04-04
2024-04-04,18:40:00,IMOEXF,YUR,-4502.0,5770.0,-10272.0,5,8,7025,175,2025-06-21T16:22:46+00:00,2024-04-04
2024-04-04,18:45:00,IMOEXF,FIZ,4502.0,25370.0,-20868.0,1292,532,7025,176,2025-06-21T16:22:46+00:00,2024-04-04
2024-04-04,18:45:00,IMOEXF,YUR,-4502.0,5770.0,-10272.0,5,8,7025,176,2025-06-21T16:22:46+00:00,2024-04-04
2024-04-04,19:05:00,IMOEXF,FIZ,4502.0,25380.0,-20878.0,1292,533,7026,1,2025-06-21T16:22:46+00:00,2024-04-04
2024-04-04,19:05:00,IMOEXF,YUR,-4502.0,5770.0,-10272.0,5,8,7026,1,2025-06-21T16:22:46+00:00,2024-04-04
2024-04-04,19:10:00,IMOEXF,FIZ,4502.0,25378.0,-20876.0,1291,533,7026,2,2025-06-21T16:22:46+00:00,2024-04-04
2024-04-04,19:10:00,IMOEXF,YUR,-4502.0,5770.0,-10272.0,5,8,7026,2,2025-06-21T16:22:46+00:00,2024-04-04
2024-04-04,19:15:00,IMOEXF,FIZ,4502.0,25374.0,-20872.0,1289,533,7026,3,2025-06-21T16:22:46+00:00,2024-04-04
2024-04-04,19:15:00,IMOEXF,YUR,-4502.0,5770.0,-10272.0,5,8,7026,3,2025-06-21T16:22:46+00:00,2024-04-04
2024-04-04,19:20:00,IMOEXF,FIZ,4502.0,25370.0,-20868.0,1290,532,7026,4,2025-06-21T16:22:46+00:00,2024-04-04
2024-04-04,19:20:00,IMOEXF,YUR,-4502.0,5770.0,-10272.0,5,8,7026,4,2025-06-21T16:22:46+00:00,2024-04-04
2024-04-04,19:25:00,IMOEXF,FIZ,4502.0,25370.0,-20868.0,1288,532,7026,5,2025-06-21T16:22:46+00:00,2024-04-04
2024-04-04,19:25:00,IMOEXF,YUR,-4502.0,5770.0,-10272.0,5,8,7026,5,2025-06-21T16:22:46+00:00,2024-04-04
2024-04-04,19:30:00,IMOEXF,FIZ,4502.0,25370.0,-20868.0,1288,532,7026,6,2025-06-21T16:22:46+00:00,2024-04-04
2024-04-04,19:30:00,IMOEXF,YUR,-4502.0,5770.0,-10272.0,5,8,7026,6,2025-06-21T16:22:46+00:00,2024-04-04
2024-04-04,19:35:00,IMOEXF,FIZ,4522.0,25416.0,-20894.0,1287,534,7026,7,2025-06-21T16:22:46+00:00,2024-04-04
2024-04-04,19:35:00,IMOEXF,YUR,-4522.0,5770.0,-10292.0,5,8,7026,7,2025-06-21T16:22:46+00:00,2024-04-04
2024-04-04,19:40:00,IMOEXF,FIZ,4540.0,25463.0,-20923.0,1287,536,7026,8,2025-06-21T16:22:46+00:00,2024-04-04
2024-04-04,19:40:00,IMOEXF,YUR,-4540.0,5770.0,-10310.0,5,8,7026,8,2025-06-21T16:22:46+00:00,2024-04-04
2024-04-04,19:45:00,IMOEXF,FIZ,4580.0,25524.0,-20944.0,1287,536,7026,9,2025-06-21T16:22:46+00:00,2024-04-04
2024-04-04,19:45:00,IMOEXF,YUR,-4580.0,5770.0,-10350.0,5,8,7026,9,2025-06-21T16:22:46+00:00,2024-04-04
2024-04-04,19:50:00,IMOEXF,FIZ,4580.0,25557.0,-20977.0,1286,536,7026,10,2025-06-21T16:22:46+00:00,2024-04-04
2024-04-04,19:50:00,IMOEXF,YUR,-4580.0,5770.0,-10350.0,5,8,7026,10,2025-06-21T16:22:46+00:00,2024-04-04
2024-04-04,19:55:00,IMOEXF,FIZ,4580.0,25581.0,-21001.0,1283,537,7026,11,2025-06-21T16:22:46+00:00,2024-04-04
2024-04-04,19:55:00,IMOEXF,YUR,-4580.0,5770.0,-10350.0,5,8,7026,11,2025-06-21T16:22:46+00:00,2024-04-04
2024-04-04,20:00:00,IMOEXF,FIZ,4580.0,25581.0,-21001.0,1283,536,7026,12,2025-06-21T16:22:46+00:00,2024-04-04
2024-04-04,20:00:00,IMOEXF,YUR,-4580.0,5770.0,-10350.0,5,8,7026,12,2025-06-21T16:22:46+00:00,2024-04-04
2024-04-04,20:05:00,IMOEXF,FIZ,4580.0,25578.0,-20998.0,1283,536,7026,13,2025-06-21T16:22:46+00:00,2024-04-04
2024-04-04,20:05:00,IMOEXF,YUR,-4580.0,5770.0,-10350.0,5,8,7026,13,2025-06-21T16:22:46+00:00,2024-04-04
2024-04-04,20:10:00,IMOEXF,FIZ,4580.0,25578.0,-20998.0,1283,535,7026,14,2025-06-21T16:22:46+00:00,2024-04-04
2024-04-04,20:10:00,IMOEXF,YUR,-4580.0,5770.0,-10350.0,5,8,7026,14,2025-06-21T16:22:46+00:00,2024-04-04
2024-04-04,20:15:00,IMOEXF,FIZ,4580.0,25578.0,-20998.0,1283,534,7026,15,2025-06-21T16:22:46+00:00,2024-04-04
2024-04-04,20:15:00,IMOEXF,YUR,-4580.0,5770.0,-10350.0,5,8,7026,15,2025-06-21T16:22:46+00:00,2024-04-04
2024-04-04,20:20:00,IMOEXF,FIZ,4580.0,25578.0,-20998.0,1283,534,7026,16,2025-06-21T16:22:46+00:00,2024-04-04
2024-04-04,20:20:00,IMOEXF,YUR,-4580.0,5770.0,-10350.0,5,8,7026,16,2025-06-21T16:22:46+00:00,2024-04-04
2024-04-04,20:25:00,IMOEXF,FIZ,4580.0,25581.0,-21001.0,1284,533,7026,17,2025-06-21T16:22:46+00:00,2024-04-04
2024-04-04,20:25:00,IMOEXF,YUR,-4580.0,5770.0,-10350.0,5,8,7026,17,2025-06-21T16:22:46+00:00,2024-04-04
2024-04-04,20:30:00,IMOEXF,FIZ,4580.0,25568.0,-20988.0,1282,533,7026,18,2025-06-21T16:22:46+00:00,2024-04-04
2024-04-04,20:30:00,IMOEXF,YUR,-4580.0,5770.0,-10350.0,5,8,7026,18,2025-06-21T16:22:46+00:00,2024-04-04
2024-04-04,20:35:00,IMOEXF,FIZ,4580.0,25570.0,-20990.0,1282,533,7026,19,2025-06-21T16:22:46+00:00,2024-04-04
2024-04-04,20:35:00,IMOEXF,YUR,-4580.0,5770.0,-10350.0,5,8,7026,19,2025-06-21T16:22:46+00:00,2024-04-04
2024-04-04,20:40:00,IMOEXF,FIZ,4580.0,25568.0,-20988.0,1282,532,7026,20,2025-06-21T16:22:46+00:00,2024-04-04
2024-04-04,20:40:00,IMOEXF,YUR,-4580.0,5770.0,-10350.0,5,8,7026,20,2025-06-21T16:22:46+00:00,2024-04-04
2024-04-04,20:45:00,IMOEXF,FIZ,4580.0,25568.0,-20988.0,1282,533,7026,21,2025-06-21T16:22:46+00:00,2024-04-04
2024-04-04,20:45:00,IMOEXF,YUR,-4580.0,5770.0,-10350.0,5,8,7026,21,2025-06-21T16:22:46+00:00,2024-04-04
2024-04-04,20:50:00,IMOEXF,FIZ,4580.0,25561.0,-20981.0,1281,533,7026,22,2025-06-21T16:22:46+00:00,2024-04-04
2024-04-04,20:50:00,IMOEXF,YUR,-4580.0,5770.0,-10350.0,5,8,7026,22,2025-06-21T16:22:46+00:00,2024-04-04
2024-04-04,20:55:00,IMOEXF,FIZ,4576.0,25552.0,-20976.0,1280,532,7026,23,2025-06-21T16:22:46+00:00,2024-04-04
2024-04-04,20:55:00,IMOEXF,YUR,-4576.0,5771.0,-10347.0,5,8,7026,23,2025-06-21T16:22:46+00:00,2024-04-04
2024-04-04,21:00:00,IMOEXF,FIZ,4576.0,25552.0,-20976.0,1280,532,7026,24,2025-06-21T16:22:46+00:00,2024-04-04
2024-04-04,21:00:00,IMOEXF,YUR,-4576.0,5771.0,-10347.0,5,8,7026,24,2025-06-21T16:22:46+00:00,2024-04-04
2024-04-04,21:05:00,IMOEXF,FIZ,4576.0,25552.0,-20976.0,1280,532,7026,25,2025-06-21T16:22:46+00:00,2024-04-04
2024-04-04,21:05:00,IMOEXF,YUR,-4576.0,5771.0,-10347.0,5,8,7026,25,2025-06-21T16:22:46+00:00,2024-04-04
2024-04-04,21:10:00,IMOEXF,FIZ,4576.0,25552.0,-20976.0,1280,532,7026,26,2025-06-21T16:22:46+00:00,2024-04-04
2024-04-04,21:10:00,IMOEXF,YUR,-4576.0,5771.0,-10347.0,5,8,7026,26,2025-06-21T16:22:46+00:00,2024-04-04
2024-04-04,21:15:00,IMOEXF,FIZ,4576.0,25552.0,-20976.0,1280,534,7026,27,2025-06-21T16:22:46+00:00,2024-04-04
2024-04-04,21:15:00,IMOEXF,YUR,-4576.0,5771.0,-10347.0,5,8,7026,27,2025-06-21T16:22:46+00:00,2024-04-04
2024-04-04,21:20:00,IMOEXF,FIZ,4576.0,25551.0,-20975.0,1280,534,7026,28,2025-06-21T16:22:46+00:00,2024-04-04
2024-04-04,21:20:00,IMOEXF,YUR,-4576.0,5771.0,-10347.0,5,8,7026,28,2025-06-21T16:22:46+00:00,2024-04-04
2024-04-04,21:25:00,IMOEXF,FIZ,4576.0,25550.0,-20974.0,1280,533,7026,29,2025-06-21T16:22:46+00:00,2024-04-04
2024-04-04,21:25:00,IMOEXF,YUR,-4576.0,5771.0,-10347.0,5,8,7026,29,2025-06-21T16:22:46+00:00,2024-04-04
2024-04-04,21:30:00,IMOEXF,FIZ,4576.0,25551.0,-20975.0,1280,531,7026,30,2025-06-21T16:22:46+00:00,2024-04-04
2024-04-04,21:30:00,IMOEXF,YUR,-4576.0,5771.0,-10347.0,5,8,7026,30,2025-06-21T16:22:46+00:00,2024-04-04
2024-04-04,21:35:00,IMOEXF,FIZ,4576.0,25531.0,-20955.0,1279,530,7026,31,2025-06-21T16:22:46+00:00,2024-04-04
2024-04-04,21:35:00,IMOEXF,YUR,-4576.0,5771.0,-10347.0,5,8,7026,31,2025-06-21T16:22:46+00:00,2024-04-04
2024-04-04,21:40:00,IMOEXF,FIZ,4576.0,25531.0,-20955.0,1279,529,7026,32,2025-06-21T16:22:46+00:00,2024-04-04
2024-04-04,21:40:00,IMOEXF,YUR,-4576.0,5771.0,-10347.0,5,8,7026,32,2025-06-21T16:22:46+00:00,2024-04-04
2024-04-04,21:45:00,IMOEXF,FIZ,4576.0,25538.0,-20962.0,1279,530,7026,33,2025-06-21T16:22:46+00:00,2024-04-04
2024-04-04,21:45:00,IMOEXF,YUR,-4576.0,5771.0,-10347.0,5,8,7026,33,2025-06-21T16:22:46+00:00,2024-04-04
2024-04-04,21:50:00,IMOEXF,FIZ,4576.0,25550.0,-20974.0,1279,529,7026,34,2025-06-21T16:22:46+00:00,2024-04-04
2024-04-04,21:50:00,IMOEXF,YUR,-4576.0,5771.0,-10347.0,5,8,7026,34,2025-06-21T16:22:46+00:00,2024-04-04
2024-04-04,21:55:00,IMOEXF,FIZ,4576.0,25552.0,-20976.0,1280,529,7026,35,2025-06-21T16:22:46+00:00,2024-04-04
2024-04-04,21:55:00,IMOEXF,YUR,-4576.0,5771.0,-10347.0,5,8,7026,35,2025-06-21T16:22:46+00:00,2024-04-04
2024-04-04,22:00:00,IMOEXF,FIZ,4576.0,25557.0,-20981.0,1281,529,7026,36,2025-06-21T16:22:46+00:00,2024-04-04
2024-04-04,22:00:00,IMOEXF,YUR,-4576.0,5771.0,-10347.0,5,8,7026,36,2025-06-21T16:22:46+00:00,2024-04-04
2024-04-04,22:05:00,IMOEXF,FIZ,4576.0,25558.0,-20982.0,1282,529,7026,37,2025-06-21T16:22:46+00:00,2024-04-04
2024-04-04,22:05:00,IMOEXF,YUR,-4576.0,5771.0,-10347.0,5,8,7026,37,2025-06-21T16:22:46+00:00,2024-04-04
2024-04-04,22:10:00,IMOEXF,FIZ,4576.0,25556.0,-20980.0,1282,529,7026,38,2025-06-21T16:22:46+00:00,2024-04-04
2024-04-04,22:10:00,IMOEXF,YUR,-4576.0,5771.0,-10347.0,5,8,7026,38,2025-06-21T16:22:46+00:00,2024-04-04
2024-04-04,22:15:00,IMOEXF,FIZ,4576.0,25558.0,-20982.0,1282,530,7026,39,2025-06-21T16:22:46+00:00,2024-04-04
2024-04-04,22:15:00,IMOEXF,YUR,-4576.0,5771.0,-10347.0,5,8,7026,39,2025-06-21T16:22:46+00:00,2024-04-04
2024-04-04,22:20:00,IMOEXF,FIZ,4576.0,25553.0,-20977.0,1280,529,7026,40,2025-06-21T16:22:46+00:00,2024-04-04
2024-04-04,22:20:00,IMOEXF,YUR,-4576.0,5771.0,-10347.0,5,8,7026,40,2025-06-21T16:22:46+00:00,2024-04-04
2024-04-04,22:25:00,IMOEXF,FIZ,4576.0,25558.0,-20982.0,1280,530,7026,41,2025-06-21T16:22:46+00:00,2024-04-04
2024-04-04,22:25:00,IMOEXF,YUR,-4576.0,5771.0,-10347.0,5,8,7026,41,2025-06-21T16:22:46+00:00,2024-04-04
2024-04-04,22:30:00,IMOEXF,FIZ,4576.0,25569.0,-20993.0,1279,533,7026,42,2025-06-21T16:22:46+00:00,2024-04-04
2024-04-04,22:30:00,IMOEXF,YUR,-4576.0,5771.0,-10347.0,5,8,7026,42,2025-06-21T16:22:46+00:00,2024-04-04
2024-04-04,22:35:00,IMOEXF,FIZ,4576.0,25591.0,-21015.0,1279,535,7026,43,2025-06-21T16:22:46+00:00,2024-04-04
2024-04-04,22:35:00,IMOEXF,YUR,-4576.0,5771.0,-10347.0,5,8,7026,43,2025-06-21T16:22:46+00:00,2024-04-04
2024-04-04,22:40:00,IMOEXF,FIZ,4576.0,25613.0,-21037.0,1279,535,7026,44,2025-06-21T16:22:46+00:00,2024-04-04
2024-04-04,22:40:00,IMOEXF,YUR,-4576.0,5771.0,-10347.0,5,8,7026,44,2025-06-21T16:22:46+00:00,2024-04-04
2024-04-04,22:45:00,IMOEXF,FIZ,4639.0,25689.0,-21050.0,1279,536,7026,45,2025-06-21T16:22:46+00:00,2024-04-04
2024-04-04,22:45:00,IMOEXF,YUR,-4639.0,5771.0,-10410.0,5,8,7026,45,2025-06-21T16:22:46+00:00,2024-04-04
2024-04-04,22:50:00,IMOEXF,FIZ,4639.0,25683.0,-21044.0,1279,536,7026,46,2025-06-21T16:22:46+00:00,2024-04-04
2024-04-04,22:50:00,IMOEXF,YUR,-4639.0,5771.0,-10410.0,5,8,7026,46,2025-06-21T16:22:46+00:00,2024-04-04
2024-04-04,22:55:00,IMOEXF,FIZ,4639.0,25715.0,-21076.0,1276,537,7026,47,2025-06-21T16:22:46+00:00,2024-04-04
2024-04-04,22:55:00,IMOEXF,YUR,-4639.0,5771.0,-10410.0,5,8,7026,47,2025-06-21T16:22:46+00:00,2024-04-04
2024-04-04,23:00:00,IMOEXF,FIZ,4647.0,25716.0,-21069.0,1275,535,7026,48,2025-06-21T16:22:46+00:00,2024-04-04
2024-04-04,23:00:00,IMOEXF,YUR,-4647.0,5771.0,-10418.0,5,8,7026,48,2025-06-21T16:22:46+00:00,2024-04-04
2024-04-04,23:05:00,IMOEXF,FIZ,4650.0,25824.0,-21174.0,1273,537,7026,49,2025-06-21T16:22:46+00:00,2024-04-04
2024-04-04,23:05:00,IMOEXF,YUR,-4650.0,5771.0,-10421.0,5,8,7026,49,2025-06-21T16:22:46+00:00,2024-04-04
2024-04-04,23:10:00,IMOEXF,FIZ,4585.0,25761.0,-21176.0,1272,540,7026,50,2025-06-21T16:22:46+00:00,2024-04-04
2024-04-04,23:10:00,IMOEXF,YUR,-4585.0,5771.0,-10356.0,5,8,7026,50,2025-06-21T16:22:46+00:00,2024-04-04
2024-04-04,23:15:00,IMOEXF,FIZ,4585.0,25770.0,-21185.0,1274,540,7026,51,2025-06-21T16:22:46+00:00,2024-04-04
2024-04-04,23:15:00,IMOEXF,YUR,-4585.0,5771.0,-10356.0,5,8,7026,51,2025-06-21T16:22:46+00:00,2024-04-04
2024-04-04,23:20:00,IMOEXF,FIZ,4633.0,25841.0,-21208.0,1274,542,7026,52,2025-06-21T16:22:46+00:00,2024-04-04
2024-04-04,23:20:00,IMOEXF,YUR,-4633.0,5771.0,-10404.0,5,9,7026,52,2025-06-21T16:22:46+00:00,2024-04-04
2024-04-04,23:25:00,IMOEXF,FIZ,4684.0,25887.0,-21203.0,1274,542,7026,53,2025-06-21T16:22:46+00:00,2024-04-04
2024-04-04,23:25:00,IMOEXF,YUR,-4684.0,5771.0,-10455.0,5,9,7026,53,2025-06-21T16:22:46+00:00,2024-04-04
2024-04-04,23:30:00,IMOEXF,FIZ,4688.0,25938.0,-21250.0,1274,546,7026,54,2025-06-21T16:22:46+00:00,2024-04-04
2024-04-04,23:30:00,IMOEXF,YUR,-4688.0,5771.0,-10459.0,5,9,7026,54,2025-06-21T16:22:46+00:00,2024-04-04
2024-04-04,23:35:00,IMOEXF,FIZ,4796.0,26042.0,-21246.0,1273,546,7026,55,2025-06-21T16:22:46+00:00,2024-04-04
2024-04-04,23:35:00,IMOEXF,YUR,-4796.0,5771.0,-10567.0,5,9,7026,55,2025-06-21T16:22:46+00:00,2024-04-04
2024-04-04,23:40:00,IMOEXF,FIZ,4868.0,26101.0,-21233.0,1273,545,7026,56,2025-06-21T16:22:46+00:00,2024-04-04
2024-04-04,23:40:00,IMOEXF,YUR,-4868.0,5771.0,-10639.0,5,9,7026,56,2025-06-21T16:22:46+00:00,2024-04-04
2024-04-04,23:45:00,IMOEXF,FIZ,4868.0,26111.0,-21243.0,1273,546,7026,57,2025-06-21T16:22:46+00:00,2024-04-04
2024-04-04,23:45:00,IMOEXF,YUR,-4868.0,5771.0,-10639.0,5,9,7026,57,2025-06-21T16:22:46+00:00,2024-04-04
2024-04-05,08:55:00,IMOEXF,FIZ,4868.0,26109.0,-21241.0,1274,547,7026,58,2025-06-21T16:22:46+00:00,2024-04-05
2024-04-05,08:55:00,IMOEXF,YUR,-4868.0,5771.0,-10639.0,5,9,7026,58,2025-06-21T16:22:46+00:00,2024-04-05
2024-04-05,09:00:00,IMOEXF,FIZ,4868.0,26152.0,-21284.0,1268,553,7026,59,2025-06-21T16:22:46+00:00,2024-04-05
2024-04-05,09:00:00,IMOEXF,YUR,-4868.0,5771.0,-10639.0,5,9,7026,59,2025-06-21T16:22:46+00:00,2024-04-05
2024-04-05,09:05:00,IMOEXF,FIZ,4868.0,26202.0,-21334.0,1265,554,7026,60,2025-06-21T16:22:46+00:00,2024-04-05
2024-04-05,09:05:00,IMOEXF,YUR,-4868.0,5771.0,-10639.0,5,9,7026,60,2025-06-21T16:22:46+00:00,2024-04-05
2024-04-05,09:10:00,IMOEXF,FIZ,4864.0,26225.0,-21361.0,1269,553,7026,61,2025-06-21T16:22:46+00:00,2024-04-05
2024-04-05,09:10:00,IMOEXF,YUR,-4864.0,5771.0,-10635.0,5,9,7026,61,2025-06-21T16:22:46+00:00,2024-04-05
2024-04-05,09:15:00,IMOEXF,FIZ,4821.0,26211.0,-21390.0,1270,552,7026,62,2025-06-21T16:22:46+00:00,2024-04-05
2024-04-05,09:15:00,IMOEXF,YUR,-4821.0,5771.0,-10592.0,5,9,7026,62,2025-06-21T16:22:46+00:00,2024-04-05
2024-04-05,09:20:00,IMOEXF,FIZ,4821.0,26206.0,-21385.0,1270,553,7026,63,2025-06-21T16:22:46+00:00,2024-04-05
2024-04-05,09:20:00,IMOEXF,YUR,-4821.0,5771.0,-10592.0,5,9,7026,63,2025-06-21T16:22:46+00:00,2024-04-05
2024-04-05,09:25:00,IMOEXF,FIZ,4821.0,26178.0,-21357.0,1271,555,7026,64,2025-06-21T16:22:46+00:00,2024-04-05
2024-04-05,09:25:00,IMOEXF,YUR,-4821.0,5771.0,-10592.0,5,9,7026,64,2025-06-21T16:22:46+00:00,2024-04-05
2024-04-05,09:30:00,IMOEXF,FIZ,4821.0,26179.0,-21358.0,1271,556,7026,65,2025-06-21T16:22:46+00:00,2024-04-05
2024-04-05,09:30:00,IMOEXF,YUR,-4821.0,5771.0,-10592.0,5,9,7026,65,2025-06-21T16:22:46+00:00,2024-04-05
2024-04-05,09:35:00,IMOEXF,FIZ,4821.0,26176.0,-21355.0,1270,555,7026,66,2025-06-21T16:22:46+00:00,2024-04-05
2024-04-05,09:35:00,IMOEXF,YUR,-4821.0,5771.0,-10592.0,5,9,7026,66,2025-06-21T16:22:46+00:00,2024-04-05
2024-04-05,09:40:00,IMOEXF,FIZ,4821.0,26174.0,-21353.0,1269,555,7026,67,2025-06-21T16:22:46+00:00,2024-04-05
2024-04-05,09:40:00,IMOEXF,YUR,-4821.0,5771.0,-10592.0,5,9,7026,67,2025-06-21T16:22:46+00:00,2024-04-05
2024-04-05,09:45:00,IMOEXF,FIZ,4821.0,26175.0,-21354.0,1269,554,7026,68,2025-06-21T16:22:46+00:00,2024-04-05
2024-04-05,09:45:00,IMOEXF,YUR,-4821.0,5771.0,-10592.0,5,9,7026,68,2025-06-21T16:22:46+00:00,2024-04-05
2024-04-05,09:50:00,IMOEXF,FIZ,4821.0,26181.0,-21360.0,1269,558,7026,69,2025-06-21T16:22:46+00:00,2024-04-05
2024-04-05,09:50:00,IMOEXF,YUR,-4821.0,5771.0,-10592.0,5,9,7026,69,2025-06-21T16:22:46+00:00,2024-04-05
2024-04-05,09:55:00,IMOEXF,FIZ,4830.0,26209.0,-21379.0,1267,561,7026,70,2025-06-21T16:22:46+00:00,2024-04-05
2024-04-05,09:55:00,IMOEXF,YUR,-4830.0,5771.0,-10601.0,5,9,7026,70,2025-06-21T16:22:46+00:00,2024-04-05
2024-04-05,10:00:00,IMOEXF,FIZ,4777.0,26114.0,-21337.0,1249,564,7026,71,2025-06-21T16:22:46+00:00,2024-04-05
2024-04-05,10:00:00,IMOEXF,YUR,-4777.0,5771.0,-10548.0,5,9,7026,71,2025-06-21T16:22:46+00:00,2024-04-05
2024-04-05,10:05:00,IMOEXF,FIZ,4775.0,26143.0,-21368.0,1251,563,7026,72,2025-06-21T16:22:46+00:00,2024-04-05
2024-04-05,10:05:00,IMOEXF,YUR,-4775.0,5771.0,-10546.0,5,9,7026,72,2025-06-21T16:22:46+00:00,2024-04-05
2024-04-05,10:10:00,IMOEXF,FIZ,4772.0,26144.0,-21372.0,1251,563,7026,73,2025-06-21T16:22:46+00:00,2024-04-05
2024-04-05,10:10:00,IMOEXF,YUR,-4772.0,5771.0,-10543.0,5,9,7026,73,2025-06-21T16:22:46+00:00,2024-04-05
2024-04-05,10:15:00,IMOEXF,FIZ,4767.0,26163.0,-21396.0,1254,564,7026,74,2025-06-21T16:22:46+00:00,2024-04-05
2024-04-05,10:15:00,IMOEXF,YUR,-4767.0,5771.0,-10538.0,5,9,7026,74,2025-06-21T16:22:46+00:00,2024-04-05
2024-04-05,10:20:00,IMOEXF,FIZ,4745.0,26134.0,-21389.0,1257,565,7026,75,2025-06-21T16:22:46+00:00,2024-04-05
2024-04-05,10:20:00,IMOEXF,YUR,-4745.0,5771.0,-10516.0,5,8,7026,75,2025-06-21T16:22:46+00:00,2024-04-05
2024-04-05,10:25:00,IMOEXF,FIZ,4053.0,25416.0,-21363.0,1252,566,7026,76,2025-06-21T16:22:46+00:00,2024-04-05
2024-04-05,10:25:00,IMOEXF,YUR,-4053.0,5771.0,-9824.0,5,8,7026,76,2025-06-21T16:22:46+00:00,2024-04-05
2024-04-05,10:30:00,IMOEXF,FIZ,4053.0,25418.0,-21365.0,1253,569,7026,77,2025-06-21T16:22:46+00:00,2024-04-05
2024-04-05,10:30:00,IMOEXF,YUR,-4053.0,5771.0,-9824.0,5,8,7026,77,2025-06-21T16:22:46+00:00,2024-04-05
2024-04-05,10:35:00,IMOEXF,FIZ,4053.0,25422.0,-21369.0,1255,568,7026,78,2025-06-21T16:22:46+00:00,2024-04-05
2024-04-05,10:35:00,IMOEXF,YUR,-4053.0,5771.0,-9824.0,5,8,7026,78,2025-06-21T16:22:46+00:00,2024-04-05
2024-04-05,10:40:00,IMOEXF,FIZ,4053.0,25446.0,-21393.0,1256,570,7026,79,2025-06-21T16:22:46+00:00,2024-04-05
2024-04-05,10:40:00,IMOEXF,YUR,-4053.0,5771.0,-9824.0,5,8,7026,79,2025-06-21T16:22:46+00:00,2024-04-05
2024-04-05,10:45:00,IMOEXF,FIZ,4053.0,25446.0,-21393.0,1255,570,7026,80,2025-06-21T16:22:46+00:00,2024-04-05
2024-04-05,10:45:00,IMOEXF,YUR,-4053.0,5771.0,-9824.0,5,8,7026,80,2025-06-21T16:22:46+00:00,2024-04-05
2024-04-05,10:50:00,IMOEXF,FIZ,4053.0,25466.0,-21413.0,1255,571,7026,81,2025-06-21T16:22:46+00:00,2024-04-05
2024-04-05,10:50:00,IMOEXF,YUR,-4053.0,5771.0,-9824.0,5,8,7026,81,2025-06-21T16:22:46+00:00,2024-04-05
2024-04-05,10:55:00,IMOEXF,FIZ,4053.0,25476.0,-21423.0,1255,571,7026,82,2025-06-21T16:22:46+00:00,2024-04-05
2024-04-05,10:55:00,IMOEXF,YUR,-4053.0,5771.0,-9824.0,5,8,7026,82,2025-06-21T16:22:46+00:00,2024-04-05
2024-04-05,11:00:00,IMOEXF,FIZ,4045.0,25472.0,-21427.0,1254,571,7026,83,2025-06-21T16:22:46+00:00,2024-04-05
2024-04-05,11:00:00,IMOEXF,YUR,-4045.0,5771.0,-9816.0,5,8,7026,83,2025-06-21T16:22:46+00:00,2024-04-05
2024-04-05,11:05:00,IMOEXF,FIZ,4045.0,25473.0,-21428.0,1253,573,7026,84,2025-06-21T16:22:46+00:00,2024-04-05
2024-04-05,11:05:00,IMOEXF,YUR,-4045.0,5771.0,-9816.0,5,8,7026,84,2025-06-21T16:22:46+00:00,2024-04-05
2024-04-05,11:10:00,IMOEXF,FIZ,3933.0,25454.0,-21521.0,1254,571,7026,85,2025-06-21T16:22:46+00:00,2024-04-05
2024-04-05,11:10:00,IMOEXF,YUR,-3933.0,5771.0,-9704.0,5,8,7026,85,2025-06-21T16:22:46+00:00,2024-04-05
2024-04-05,11:15:00,IMOEXF,FIZ,3933.0,25455.0,-21522.0,1255,570,7026,86,2025-06-21T16:22:46+00:00,2024-04-05
2024-04-05,11:15:00,IMOEXF,YUR,-3933.0,5771.0,-9704.0,5,8,7026,86,2025-06-21T16:22:46+00:00,2024-04-05
2024-04-05,11:20:00,IMOEXF,FIZ,3807.0,25431.0,-21624.0,1251,569,7026,87,2025-06-21T16:22:46+00:00,2024-04-05
2024-04-05,11:20:00,IMOEXF,YUR,-3807.0,5771.0,-9578.0,5,8,7026,87,2025-06-21T16:22:46+00:00,2024-04-05
2024-04-05,11:25:00,IMOEXF,FIZ,3773.0,25431.0,-21658.0,1250,569,7026,88,2025-06-21T16:22:46+00:00,2024-04-05
2024-04-05,11:25:00,IMOEXF,YUR,-3773.0,5771.0,-9544.0,5,8,7026,88,2025-06-21T16:22:46+00:00,2024-04-05
2024-04-05,11:30:00,IMOEXF,FIZ,3775.0,25415.0,-21640.0,1248,568,7026,89,2025-06-21T16:22:46+00:00,2024-04-05
2024-04-05,11:30:00,IMOEXF,YUR,-3775.0,5771.0,-9546.0,5,8,7026,89,2025-06-21T16:22:46+00:00,2024-04-05
2024-04-05,11:35:00,IMOEXF,FIZ,3775.0,25415.0,-21640.0,1248,568,7026,90,2025-06-21T16:22:46+00:00,2024-04-05
2024-04-05,11:35:00,IMOEXF,YUR,-3775.0,5771.0,-9546.0,5,8,7026,90,2025-06-21T16:22:46+00:00,2024-04-05
2024-04-05,11:40:00,IMOEXF,FIZ,3823.0,25520.0,-21697.0,1248,570,7026,91,2025-06-21T16:22:46+00:00,2024-04-05
2024-04-05,11:40:00,IMOEXF,YUR,-3823.0,5771.0,-9594.0,5,8,7026,91,2025-06-21T16:22:46+00:00,2024-04-05
2024-04-05,11:45:00,IMOEXF,FIZ,3823.0,25521.0,-21698.0,1248,572,7026,92,2025-06-21T16:22:46+00:00,2024-04-05
2024-04-05,11:45:00,IMOEXF,YUR,-3823.0,5771.0,-9594.0,5,8,7026,92,2025-06-21T16:22:46+00:00,2024-04-05
2024-04-05,11:50:00,IMOEXF,FIZ,3849.0,25526.0,-21677.0,1249,569,7026,93,2025-06-21T16:22:46+00:00,2024-04-05
2024-04-05,11:50:00,IMOEXF,YUR,-3849.0,5751.0,-9600.0,4,8,7026,93,2025-06-21T16:22:46+00:00,2024-04-05
2024-04-05,11:55:00,IMOEXF,FIZ,3951.0,25627.0,-21676.0,1250,571,7026,94,2025-06-21T16:22:46+00:00,2024-04-05
2024-04-05,11:55:00,IMOEXF,YUR,-3951.0,5751.0,-9702.0,4,8,7026,94,2025-06-21T16:22:46+00:00,2024-04-05
2024-04-05,12:00:00,IMOEXF,FIZ,4041.0,25712.0,-21671.0,1252,571,7026,95,2025-06-21T16:22:46+00:00,2024-04-05
2024-04-05,12:00:00,IMOEXF,YUR,-4041.0,5751.0,-9792.0,4,8,7026,95,2025-06-21T16:22:46+00:00,2024-04-05
2024-04-05,12:05:00,IMOEXF,FIZ,4041.0,25712.0,-21671.0,1252,571,7026,96,2025-06-21T16:22:46+00:00,2024-04-05
2024-04-05,12:05:00,IMOEXF,YUR,-4041.0,5751.0,-9792.0,4,8,7026,96,2025-06-21T16:22:46+00:00,2024-04-05
2024-04-05,12:10:00,IMOEXF,FIZ,4041.0,25713.0,-21672.0,1253,571,7026,97,2025-06-21T16:22:46+00:00,2024-04-05
2024-04-05,12:10:00,IMOEXF,YUR,-4041.0,5751.0,-9792.0,4,8,7026,97,2025-06-21T16:22:46+00:00,2024-04-05
2024-04-05,12:15:00,IMOEXF,FIZ,4043.0,25712.0,-21669.0,1252,571,7026,98,2025-06-21T16:22:46+00:00,2024-04-05
2024-04-05,12:15:00,IMOEXF,YUR,-4043.0,5749.0,-9792.0,3,8,7026,98,2025-06-21T16:22:46+00:00,2024-04-05
2024-04-05,12:20:00,IMOEXF,FIZ,4043.0,25682.0,-21639.0,1251,569,7026,99,2025-06-21T16:22:46+00:00,2024-04-05
2024-04-05,12:20:00,IMOEXF,YUR,-4043.0,5749.0,-9792.0,3,8,7026,99,2025-06-21T16:22:46+00:00,2024-04-05
2024-04-05,12:25:00,IMOEXF,FIZ,4043.0,25669.0,-21626.0,1248,568,7026,100,2025-06-21T16:22:46+00:00,2024-04-05
2024-04-05,12:25:00,IMOEXF,YUR,-4043.0,5749.0,-9792.0,3,8,7026,100,2025-06-21T16:22:46+00:00,2024-04-05
2024-04-05,12:30:00,IMOEXF,FIZ,3958.0,25668.0,-21710.0,1248,570,7026,101,2025-06-21T16:22:46+00:00,2024-04-05
2024-04-05,12:30:00,IMOEXF,YUR,-3958.0,5749.0,-9707.0,3,7,7026,101,2025-06-21T16:22:46+00:00,2024-04-05
2024-04-05,12:35:00,IMOEXF,FIZ,3958.0,25661.0,-21703.0,1246,569,7026,102,2025-06-21T16:22:46+00:00,2024-04-05
2024-04-05,12:35:00,IMOEXF,YUR,-3958.0,5749.0,-9707.0,3,7,7026,102,2025-06-21T16:22:46+00:00,2024-04-05
2024-04-05,12:40:00,IMOEXF,FIZ,3959.0,25661.0,-21702.0,1247,571,7026,103,2025-06-21T16:22:46+00:00,2024-04-05
2024-04-05,12:40:00,IMOEXF,YUR,-3959.0,5749.0,-9708.0,3,8,7026,103,2025-06-21T16:22:46+00:00,2024-04-05
2024-04-05,12:45:00,IMOEXF,FIZ,3960.0,25656.0,-21696.0,1246,571,7026,104,2025-06-21T16:22:46+00:00,2024-04-05
2024-04-05,12:45:00,IMOEXF,YUR,-3960.0,5749.0,-9709.0,3,8,7026,104,2025-06-21T16:22:46+00:00,2024-04-05
2024-04-05,12:50:00,IMOEXF,FIZ,3960.0,25645.0,-21685.0,1247,571,7026,105,2025-06-21T16:22:46+00:00,2024-04-05
2024-04-05,12:50:00,IMOEXF,YUR,-3960.0,5749.0,-9709.0,3,8,7026,105,2025-06-21T16:22:46+00:00,2024-04-05
2024-04-05,12:55:00,IMOEXF,FIZ,3966.0,25648.0,-21682.0,1249,568,7026,106,2025-06-21T16:22:46+00:00,2024-04-05
2024-04-05,12:55:00,IMOEXF,YUR,-3966.0,5749.0,-9715.0,3,8,7026,106,2025-06-21T16:22:46+00:00,2024-04-05
2024-04-05,13:00:00,IMOEXF,FIZ,3980.0,25638.0,-21658.0,1247,568,7026,107,2025-06-21T16:22:46+00:00,2024-04-05
2024-04-05,13:00:00,IMOEXF,YUR,-3980.0,5749.0,-9729.0,3,8,7026,107,2025-06-21T16:22:46+00:00,2024-04-05
2024-04-05,13:05:00,IMOEXF,FIZ,3980.0,25623.0,-21643.0,1247,567,7026,108,2025-06-21T16:22:46+00:00,2024-04-05
2024-04-05,13:05:00,IMOEXF,YUR,-3980.0,5749.0,-9729.0,3,8,7026,108,2025-06-21T16:22:46+00:00,2024-04-05
2024-04-05,13:10:00,IMOEXF,FIZ,3980.0,25624.0,-21644.0,1248,566,7026,109,2025-06-21T16:22:46+00:00,2024-04-05
2024-04-05,13:10:00,IMOEXF,YUR,-3980.0,5749.0,-9729.0,3,8,7026,109,2025-06-21T16:22:46+00:00,2024-04-05
2024-04-05,13:15:00,IMOEXF,FIZ,3980.0,25627.0,-21647.0,1247,565,7026,110,2025-06-21T16:22:46+00:00,2024-04-05
2024-04-05,13:15:00,IMOEXF,YUR,-3980.0,5749.0,-9729.0,3,8,7026,110,2025-06-21T16:22:46+00:00,2024-04-05
2024-04-05,13:20:00,IMOEXF,FIZ,3980.0,25627.0,-21647.0,1249,565,7026,111,2025-06-21T16:22:46+00:00,2024-04-05
2024-04-05,13:20:00,IMOEXF,YUR,-3980.0,5749.0,-9729.0,3,8,7026,111,2025-06-21T16:22:46+00:00,2024-04-05
2024-04-05,13:25:00,IMOEXF,FIZ,3980.0,25627.0,-21647.0,1249,565,7026,112,2025-06-21T16:22:46+00:00,2024-04-05
2024-04-05,13:25:00,IMOEXF,YUR,-3980.0,5749.0,-9729.0,3,8,7026,112,2025-06-21T16:22:46+00:00,2024-04-05
2024-04-05,13:30:00,IMOEXF,FIZ,3995.0,25643.0,-21648.0,1252,566,7026,113,2025-06-21T16:22:46+00:00,2024-04-05
2024-04-05,13:30:00,IMOEXF,YUR,-3995.0,5749.0,-9744.0,3,8,7026,113,2025-06-21T16:22:46+00:00,2024-04-05
2024-04-05,13:35:00,IMOEXF,FIZ,3995.0,25667.0,-21672.0,1249,566,7026,114,2025-06-21T16:22:46+00:00,2024-04-05
2024-04-05,13:35:00,IMOEXF,YUR,-3995.0,5749.0,-9744.0,3,8,7026,114,2025-06-21T16:22:46+00:00,2024-04-05
2024-04-05,13:40:00,IMOEXF,FIZ,3995.0,25666.0,-21671.0,1250,564,7026,115,2025-06-21T16:22:46+00:00,2024-04-05
2024-04-05,13:40:00,IMOEXF,YUR,-3995.0,5749.0,-9744.0,3,8,7026,115,2025-06-21T16:22:46+00:00,2024-04-05
2024-04-05,13:45:00,IMOEXF,FIZ,3954.0,25619.0,-21665.0,1244,567,7026,116,2025-06-21T16:22:46+00:00,2024-04-05
2024-04-05,13:45:00,IMOEXF,YUR,-3954.0,5749.0,-9703.0,3,8,7026,116,2025-06-21T16:22:46+00:00,2024-04-05
2024-04-05,13:50:00,IMOEXF,FIZ,3954.0,25612.0,-21658.0,1243,566,7026,117,2025-06-21T16:22:46+00:00,2024-04-05
2024-04-05,13:50:00,IMOEXF,YUR,-3954.0,5749.0,-9703.0,3,8,7026,117,2025-06-21T16:22:46+00:00,2024-04-05
2024-04-05,13:55:00,IMOEXF,FIZ,3954.0,25617.0,-21663.0,1241,566,7026,118,2025-06-21T16:22:46+00:00,2024-04-05
2024-04-05,13:55:00,IMOEXF,YUR,-3954.0,5749.0,-9703.0,3,8,7026,118,2025-06-21T16:22:46+00:00,2024-04-05
2024-04-05,14:05:00,IMOEXF,FIZ,3956.0,25591.0,-21635.0,1241,563,7026,119,2025-06-21T16:22:46+00:00,2024-04-05
2024-04-05,14:05:00,IMOEXF,YUR,-3956.0,5747.0,-9703.0,3,8,7026,119,2025-06-21T16:22:46+00:00,2024-04-05
2024-04-05,14:10:00,IMOEXF,FIZ,3956.0,25589.0,-21633.0,1243,562,7026,120,2025-06-21T16:22:46+00:00,2024-04-05
2024-04-05,14:10:00,IMOEXF,YUR,-3956.0,5747.0,-9703.0,3,8,7026,120,2025-06-21T16:22:46+00:00,2024-04-05
2024-04-05,14:15:00,IMOEXF,FIZ,3956.0,25583.0,-21627.0,1244,559,7026,121,2025-06-21T16:22:46+00:00,2024-04-05
2024-04-05,14:15:00,IMOEXF,YUR,-3956.0,5747.0,-9703.0,3,8,7026,121,2025-06-21T16:22:46+00:00,2024-04-05
2024-04-05,14:20:00,IMOEXF,FIZ,3956.0,25576.0,-21620.0,1242,559,7026,122,2025-06-21T16:22:46+00:00,2024-04-05
2024-04-05,14:20:00,IMOEXF,YUR,-3956.0,5747.0,-9703.0,3,8,7026,122,2025-06-21T16:22:46+00:00,2024-04-05
2024-04-05,14:25:00,IMOEXF,FIZ,3962.0,25568.0,-21606.0,1240,559,7026,123,2025-06-21T16:22:46+00:00,2024-04-05
2024-04-05,14:25:00,IMOEXF,YUR,-3962.0,5747.0,-9709.0,3,8,7026,123,2025-06-21T16:22:46+00:00,2024-04-05
2024-04-05,14:30:00,IMOEXF,FIZ,3962.0,25563.0,-21601.0,1238,562,7026,124,2025-06-21T16:22:46+00:00,2024-04-05
2024-04-05,14:30:00,IMOEXF,YUR,-3962.0,5747.0,-9709.0,3,8,7026,124,2025-06-21T16:22:46+00:00,2024-04-05
2024-04-05,14:35:00,IMOEXF,FIZ,3962.0,25571.0,-21609.0,1240,562,7026,125,2025-06-21T16:22:46+00:00,2024-04-05
2024-04-05,14:35:00,IMOEXF,YUR,-3962.0,5747.0,-9709.0,3,8,7026,125,2025-06-21T16:22:46+00:00,2024-04-05
2024-04-05,14:40:00,IMOEXF,FIZ,3962.0,25553.0,-21591.0,1240,560,7026,126,2025-06-21T16:22:46+00:00,2024-04-05
2024-04-05,14:40:00,IMOEXF,YUR,-3962.0,5747.0,-9709.0,3,8,7026,126,2025-06-21T16:22:46+00:00,2024-04-05
2024-04-05,14:45:00,IMOEXF,FIZ,3962.0,25558.0,-21596.0,1240,561,7026,127,2025-06-21T16:22:46+00:00,2024-04-05
2024-04-05,14:45:00,IMOEXF,YUR,-3962.0,5747.0,-9709.0,3,8,7026,127,2025-06-21T16:22:46+00:00,2024-04-05
2024-04-05,14:50:00,IMOEXF,FIZ,3962.0,25561.0,-21599.0,1240,562,7026,128,2025-06-21T16:22:46+00:00,2024-04-05
2024-04-05,14:50:00,IMOEXF,YUR,-3962.0,5747.0,-9709.0,3,8,7026,128,2025-06-21T16:22:46+00:00,2024-04-05
2024-04-05,14:55:00,IMOEXF,FIZ,3962.0,25561.0,-21599.0,1240,562,7026,129,2025-06-21T16:22:46+00:00,2024-04-05
2024-04-05,14:55:00,IMOEXF,YUR,-3962.0,5747.0,-9709.0,3,8,7026,129,2025-06-21T16:22:46+00:00,2024-04-05
2024-04-05,15:00:00,IMOEXF,FIZ,3949.0,25548.0,-21599.0,1238,560,7026,130,2025-06-21T16:22:46+00:00,2024-04-05
2024-04-05,15:00:00,IMOEXF,YUR,-3949.0,5744.0,-9693.0,3,8,7026,130,2025-06-21T16:22:46+00:00,2024-04-05
2024-04-05,15:05:00,IMOEXF,FIZ,3949.0,25551.0,-21602.0,1238,559,7026,131,2025-06-21T16:22:46+00:00,2024-04-05
2024-04-05,15:05:00,IMOEXF,YUR,-3949.0,5744.0,-9693.0,3,8,7026,131,2025-06-21T16:22:46+00:00,2024-04-05
2024-04-05,15:10:00,IMOEXF,FIZ,3949.0,25556.0,-21607.0,1237,560,7026,132,2025-06-21T16:22:46+00:00,2024-04-05
2024-04-05,15:10:00,IMOEXF,YUR,-3949.0,5744.0,-9693.0,3,8,7026,132,2025-06-21T16:22:46+00:00,2024-04-05
2024-04-05,15:15:00,IMOEXF,FIZ,3949.0,25555.0,-21606.0,1233,561,7026,133,2025-06-21T16:22:46+00:00,2024-04-05
2024-04-05,15:15:00,IMOEXF,YUR,-3949.0,5744.0,-9693.0,3,8,7026,133,2025-06-21T16:22:46+00:00,2024-04-05
2024-04-05,15:20:00,IMOEXF,FIZ,3949.0,25549.0,-21600.0,1236,560,7026,134,2025-06-21T16:22:46+00:00,2024-04-05
2024-04-05,15:20:00,IMOEXF,YUR,-3949.0,5744.0,-9693.0,3,8,7026,134,2025-06-21T16:22:46+00:00,2024-04-05
2024-04-05,15:25:00,IMOEXF,FIZ,3969.0,25560.0,-21591.0,1236,558,7026,135,2025-06-21T16:22:46+00:00,2024-04-05
2024-04-05,15:25:00,IMOEXF,YUR,-3969.0,5744.0,-9713.0,3,8,7026,135,2025-06-21T16:22:46+00:00,2024-04-05
2024-04-05,15:30:00,IMOEXF,FIZ,3969.0,25560.0,-21591.0,1236,558,7026,136,2025-06-21T16:22:46+00:00,2024-04-05
2024-04-05,15:30:00,IMOEXF,YUR,-3969.0,5744.0,-9713.0,3,8,7026,136,2025-06-21T16:22:46+00:00,2024-04-05
2024-04-05,15:35:00,IMOEXF,FIZ,3969.0,25560.0,-21591.0,1236,558,7026,137,2025-06-21T16:22:46+00:00,2024-04-05
2024-04-05,15:35:00,IMOEXF,YUR,-3969.0,5744.0,-9713.0,3,8,7026,137,2025-06-21T16:22:46+00:00,2024-04-05
2024-04-05,15:40:00,IMOEXF,FIZ,3978.0,25558.0,-21580.0,1235,557,7026,138,2025-06-21T16:22:46+00:00,2024-04-05
2024-04-05,15:40:00,IMOEXF,YUR,-3978.0,5744.0,-9722.0,3,8,7026,138,2025-06-21T16:22:46+00:00,2024-04-05
2024-04-05,15:45:00,IMOEXF,FIZ,3978.0,25558.0,-21580.0,1235,557,7026,139,2025-06-21T16:22:46+00:00,2024-04-05
2024-04-05,15:45:00,IMOEXF,YUR,-3978.0,5744.0,-9722.0,3,8,7026,139,2025-06-21T16:22:46+00:00,2024-04-05
2024-04-05,15:50:00,IMOEXF,FIZ,3978.0,25560.0,-21582.0,1235,558,7026,140,2025-06-21T16:22:46+00:00,2024-04-05
2024-04-05,15:50:00,IMOEXF,YUR,-3978.0,5744.0,-9722.0,3,8,7026,140,2025-06-21T16:22:46+00:00,2024-04-05
2024-04-05,15:55:00,IMOEXF,FIZ,3992.0,25568.0,-21576.0,1237,555,7026,141,2025-06-21T16:22:46+00:00,2024-04-05
2024-04-05,15:55:00,IMOEXF,YUR,-3992.0,5744.0,-9736.0,3,8,7026,141,2025-06-21T16:22:46+00:00,2024-04-05
2024-04-05,16:00:00,IMOEXF,FIZ,3992.0,25566.0,-21574.0,1236,556,7026,142,2025-06-21T16:22:46+00:00,2024-04-05
2024-04-05,16:00:00,IMOEXF,YUR,-3992.0,5744.0,-9736.0,3,8,7026,142,2025-06-21T16:22:46+00:00,2024-04-05
2024-04-05,16:05:00,IMOEXF,FIZ,4006.0,25563.0,-21557.0,1235,555,7026,143,2025-06-21T16:22:46+00:00,2024-04-05
2024-04-05,16:05:00,IMOEXF,YUR,-4006.0,5744.0,-9750.0,3,8,7026,143,2025-06-21T16:22:46+00:00,2024-04-05
2024-04-05,16:10:00,IMOEXF,FIZ,4012.0,25567.0,-21555.0,1236,554,7026,144,2025-06-21T16:22:46+00:00,2024-04-05
2024-04-05,16:10:00,IMOEXF,YUR,-4012.0,5744.0,-9756.0,3,8,7026,144,2025-06-21T16:22:46+00:00,2024-04-05
2024-04-05,16:15:00,IMOEXF,FIZ,4012.0,25568.0,-21556.0,1236,554,7026,145,2025-06-21T16:22:46+00:00,2024-04-05
2024-04-05,16:15:00,IMOEXF,YUR,-4012.0,5744.0,-9756.0,3,8,7026,145,2025-06-21T16:22:46+00:00,2024-04-05
2024-04-05,16:20:00,IMOEXF,FIZ,4011.0,25571.0,-21560.0,1234,555,7026,146,2025-06-21T16:22:46+00:00,2024-04-05
2024-04-05,16:20:00,IMOEXF,YUR,-4011.0,5764.0,-9775.0,4,8,7026,146,2025-06-21T16:22:46+00:00,2024-04-05
2024-04-05,16:25:00,IMOEXF,FIZ,4011.0,25570.0,-21559.0,1233,554,7026,147,2025-06-21T16:22:46+00:00,2024-04-05
2024-04-05,16:25:00,IMOEXF,YUR,-4011.0,5764.0,-9775.0,4,8,7026,147,2025-06-21T16:22:46+00:00,2024-04-05
2024-04-05,16:30:00,IMOEXF,FIZ,4011.0,25570.0,-21559.0,1233,554,7026,148,2025-06-21T16:22:46+00:00,2024-04-05
2024-04-05,16:30:00,IMOEXF,YUR,-4011.0,5764.0,-9775.0,4,8,7026,148,2025-06-21T16:22:46+00:00,2024-04-05
2024-04-05,16:35:00,IMOEXF,FIZ,4011.0,25572.0,-21561.0,1232,555,7026,149,2025-06-21T16:22:46+00:00,2024-04-05
2024-04-05,16:35:00,IMOEXF,YUR,-4011.0,5764.0,-9775.0,4,8,7026,149,2025-06-21T16:22:46+00:00,2024-04-05
2024-04-05,16:40:00,IMOEXF,FIZ,3991.0,25579.0,-21588.0,1232,556,7026,150,2025-06-21T16:22:46+00:00,2024-04-05
2024-04-05,16:40:00,IMOEXF,YUR,-3991.0,5764.0,-9755.0,4,8,7026,150,2025-06-21T16:22:46+00:00,2024-04-05
2024-04-05,16:45:00,IMOEXF,FIZ,3991.0,25574.0,-21583.0,1231,556,7026,151,2025-06-21T16:22:46+00:00,2024-04-05
2024-04-05,16:45:00,IMOEXF,YUR,-3991.0,5764.0,-9755.0,4,8,7026,151,2025-06-21T16:22:46+00:00,2024-04-05
2024-04-05,16:50:00,IMOEXF,FIZ,3991.0,25567.0,-21576.0,1232,555,7026,152,2025-06-21T16:22:46+00:00,2024-04-05
2024-04-05,16:50:00,IMOEXF,YUR,-3991.0,5764.0,-9755.0,4,8,7026,152,2025-06-21T16:22:46+00:00,2024-04-05
2024-04-05,16:55:00,IMOEXF,FIZ,3991.0,25567.0,-21576.0,1232,555,7026,153,2025-06-21T16:22:46+00:00,2024-04-05
2024-04-05,16:55:00,IMOEXF,YUR,-3991.0,5764.0,-9755.0,4,8,7026,153,2025-06-21T16:22:46+00:00,2024-04-05
2024-04-05,17:00:00,IMOEXF,FIZ,3992.0,25568.0,-21576.0,1232,556,7026,154,2025-06-21T16:22:46+00:00,2024-04-05
2024-04-05,17:00:00,IMOEXF,YUR,-3992.0,5764.0,-9756.0,4,8,7026,154,2025-06-21T16:22:46+00:00,2024-04-05
2024-04-05,17:05:00,IMOEXF,FIZ,4132.0,25676.0,-21544.0,1234,556,7026,155,2025-06-21T16:22:46+00:00,2024-04-05
2024-04-05,17:05:00,IMOEXF,YUR,-4132.0,5764.0,-9896.0,4,8,7026,155,2025-06-21T16:22:46+00:00,2024-04-05
2024-04-05,17:10:00,IMOEXF,FIZ,4134.0,25676.0,-21542.0,1234,557,7026,156,2025-06-21T16:22:46+00:00,2024-04-05
2024-04-05,17:10:00,IMOEXF,YUR,-4134.0,5764.0,-9898.0,4,8,7026,156,2025-06-21T16:22:46+00:00,2024-04-05
2024-04-05,17:15:00,IMOEXF,FIZ,4140.0,25676.0,-21536.0,1234,557,7026,157,2025-06-21T16:22:46+00:00,2024-04-05
2024-04-05,17:15:00,IMOEXF,YUR,-4140.0,5764.0,-9904.0,4,8,7026,157,2025-06-21T16:22:46+00:00,2024-04-05
2024-04-05,17:20:00,IMOEXF,FIZ,4140.0,25669.0,-21529.0,1234,557,7026,158,2025-06-21T16:22:46+00:00,2024-04-05
2024-04-05,17:20:00,IMOEXF,YUR,-4140.0,5764.0,-9904.0,4,8,7026,158,2025-06-21T16:22:46+00:00,2024-04-05
2024-04-05,17:25:00,IMOEXF,FIZ,4140.0,25668.0,-21528.0,1232,556,7026,159,2025-06-21T16:22:46+00:00,2024-04-05
2024-04-05,17:25:00,IMOEXF,YUR,-4140.0,5764.0,-9904.0,4,8,7026,159,2025-06-21T16:22:46+00:00,2024-04-05
2024-04-05,17:30:00,IMOEXF,FIZ,4147.0,25668.0,-21521.0,1232,557,7026,160,2025-06-21T16:22:46+00:00,2024-04-05
2024-04-05,17:30:00,IMOEXF,YUR,-4147.0,5764.0,-9911.0,4,9,7026,160,2025-06-21T16:22:46+00:00,2024-04-05
2024-04-05,17:35:00,IMOEXF,FIZ,4160.0,25659.0,-21499.0,1231,556,7026,161,2025-06-21T16:22:46+00:00,2024-04-05
2024-04-05,17:35:00,IMOEXF,YUR,-4160.0,5764.0,-9924.0,4,9,7026,161,2025-06-21T16:22:46+00:00,2024-04-05
2024-04-05,17:40:00,IMOEXF,FIZ,4160.0,25655.0,-21495.0,1231,553,7026,162,2025-06-21T16:22:46+00:00,2024-04-05
2024-04-05,17:40:00,IMOEXF,YUR,-4160.0,5764.0,-9924.0,4,9,7026,162,2025-06-21T16:22:46+00:00,2024-04-05
2024-04-05,17:45:00,IMOEXF,FIZ,4138.0,25644.0,-21506.0,1231,555,7026,163,2025-06-21T16:22:46+00:00,2024-04-05
2024-04-05,17:45:00,IMOEXF,YUR,-4138.0,5765.0,-9903.0,5,8,7026,163,2025-06-21T16:22:46+00:00,2024-04-05
2024-04-05,17:50:00,IMOEXF,FIZ,4151.0,25659.0,-21508.0,1232,556,7026,164,2025-06-21T16:22:46+00:00,2024-04-05
2024-04-05,17:50:00,IMOEXF,YUR,-4151.0,5765.0,-9916.0,5,8,7026,164,2025-06-21T16:22:46+00:00,2024-04-05
2024-04-05,17:55:00,IMOEXF,FIZ,4167.0,25684.0,-21517.0,1231,558,7026,165,2025-06-21T16:22:46+00:00,2024-04-05
2024-04-05,17:55:00,IMOEXF,YUR,-4167.0,5765.0,-9932.0,5,8,7026,165,2025-06-21T16:22:46+00:00,2024-04-05
2024-04-05,18:00:00,IMOEXF,FIZ,4163.0,25682.0,-21519.0,1231,558,7026,166,2025-06-21T16:22:46+00:00,2024-04-05
2024-04-05,18:00:00,IMOEXF,YUR,-4163.0,5765.0,-9928.0,5,8,7026,166,2025-06-21T16:22:46+00:00,2024-04-05
2024-04-05,18:05:00,IMOEXF,FIZ,4164.0,25676.0,-21512.0,1232,558,7026,167,2025-06-21T16:22:46+00:00,2024-04-05
2024-04-05,18:05:00,IMOEXF,YUR,-4164.0,5765.0,-9929.0,5,8,7026,167,2025-06-21T16:22:46+00:00,2024-04-05
2024-04-05,18:10:00,IMOEXF,FIZ,4166.0,25674.0,-21508.0,1233,555,7026,168,2025-06-21T16:22:46+00:00,2024-04-05
2024-04-05,18:10:00,IMOEXF,YUR,-4166.0,5765.0,-9931.0,5,8,7026,168,2025-06-21T16:22:46+00:00,2024-04-05
2024-04-05,18:15:00,IMOEXF,FIZ,4179.0,25666.0,-21487.0,1232,556,7026,169,2025-06-21T16:22:46+00:00,2024-04-05
2024-04-05,18:15:00,IMOEXF,YUR,-4179.0,5765.0,-9944.0,5,8,7026,169,2025-06-21T16:22:46+00:00,2024-04-05
2024-04-05,18:20:00,IMOEXF,FIZ,4194.0,25677.0,-21483.0,1229,554,7026,170,2025-06-21T16:22:46+00:00,2024-04-05
2024-04-05,18:20:00,IMOEXF,YUR,-4194.0,5765.0,-9959.0,5,8,7026,170,2025-06-21T16:22:46+00:00,2024-04-05
2024-04-05,18:25:00,IMOEXF,FIZ,4201.0,25680.0,-21479.0,1231,550,7026,171,2025-06-21T16:22:46+00:00,2024-04-05
2024-04-05,18:25:00,IMOEXF,YUR,-4201.0,5765.0,-9966.0,5,8,7026,171,2025-06-21T16:22:46+00:00,2024-04-05
2024-04-05,18:30:00,IMOEXF,FIZ,4202.0,25682.0,-21480.0,1231,550,7026,172,2025-06-21T16:22:46+00:00,2024-04-05
2024-04-05,18:30:00,IMOEXF,YUR,-4202.0,5765.0,-9967.0,5,8,7026,172,2025-06-21T16:22:46+00:00,2024-04-05
2024-04-05,18:35:00,IMOEXF,FIZ,4202.0,25682.0,-21480.0,1231,550,7026,173,2025-06-21T16:22:46+00:00,2024-04-05
2024-04-05,18:35:00,IMOEXF,YUR,-4202.0,5765.0,-9967.0,5,8,7026,173,2025-06-21T16:22:46+00:00,2024-04-05
2024-04-05,18:40:00,IMOEXF,FIZ,4202.0,25670.0,-21468.0,1231,549,7026,174,2025-06-21T16:22:46+00:00,2024-04-05
2024-04-05,18:40:00,IMOEXF,YUR,-4202.0,5765.0,-9967.0,5,8,7026,174,2025-06-21T16:22:46+00:00,2024-04-05
2024-04-05,18:45:00,IMOEXF,FIZ,4202.0,25673.0,-21471.0,1231,547,7026,175,2025-06-21T16:22:46+00:00,2024-04-05
2024-04-05,18:45:00,IMOEXF,YUR,-4202.0,5765.0,-9967.0,5,8,7026,175,2025-06-21T16:22:46+00:00,2024-04-05
2024-04-05,19:05:00,IMOEXF,FIZ,4202.0,25674.0,-21472.0,1231,547,7027,1,2025-06-21T16:22:46+00:00,2024-04-05
2024-04-05,19:05:00,IMOEXF,YUR,-4202.0,5765.0,-9967.0,5,8,7027,1,2025-06-21T16:22:46+00:00,2024-04-05
2024-04-05,19:10:00,IMOEXF,FIZ,4202.0,25648.0,-21446.0,1231,546,7027,2,2025-06-21T16:22:46+00:00,2024-04-05
2024-04-05,19:10:00,IMOEXF,YUR,-4202.0,5765.0,-9967.0,5,8,7027,2,2025-06-21T16:22:46+00:00,2024-04-05
2024-04-05,19:15:00,IMOEXF,FIZ,4202.0,25647.0,-21445.0,1228,545,7027,3,2025-06-21T16:22:46+00:00,2024-04-05
2024-04-05,19:15:00,IMOEXF,YUR,-4202.0,5765.0,-9967.0,5,8,7027,3,2025-06-21T16:22:46+00:00,2024-04-05
2024-04-05,19:20:00,IMOEXF,FIZ,4202.0,25647.0,-21445.0,1228,545,7027,4,2025-06-21T16:22:46+00:00,2024-04-05
2024-04-05,19:20:00,IMOEXF,YUR,-4202.0,5765.0,-9967.0,5,8,7027,4,2025-06-21T16:22:46+00:00,2024-04-05
2024-04-05,19:25:00,IMOEXF,FIZ,4202.0,25647.0,-21445.0,1228,545,7027,5,2025-06-21T16:22:46+00:00,2024-04-05
2024-04-05,19:25:00,IMOEXF,YUR,-4202.0,5765.0,-9967.0,5,8,7027,5,2025-06-21T16:22:46+00:00,2024-04-05
2024-04-05,19:30:00,IMOEXF,FIZ,4202.0,25646.0,-21444.0,1227,546,7027,6,2025-06-21T16:22:46+00:00,2024-04-05
2024-04-05,19:30:00,IMOEXF,YUR,-4202.0,5765.0,-9967.0,5,8,7027,6,2025-06-21T16:22:46+00:00,2024-04-05
2024-04-05,19:35:00,IMOEXF,FIZ,4202.0,25640.0,-21438.0,1226,545,7027,7,2025-06-21T16:22:46+00:00,2024-04-05
2024-04-05,19:35:00,IMOEXF,YUR,-4202.0,5765.0,-9967.0,5,8,7027,7,2025-06-21T16:22:46+00:00,2024-04-05
2024-04-05,19:40:00,IMOEXF,FIZ,4202.0,25640.0,-21438.0,1226,545,7027,8,2025-06-21T16:22:46+00:00,2024-04-05
2024-04-05,19:40:00,IMOEXF,YUR,-4202.0,5765.0,-9967.0,5,8,7027,8,2025-06-21T16:22:46+00:00,2024-04-05
2024-04-05,19:45:00,IMOEXF,FIZ,4214.0,25648.0,-21434.0,1226,545,7027,9,2025-06-21T16:22:46+00:00,2024-04-05
2024-04-05,19:45:00,IMOEXF,YUR,-4214.0,5765.0,-9979.0,5,8,7027,9,2025-06-21T16:22:46+00:00,2024-04-05
2024-04-05,19:50:00,IMOEXF,FIZ,4214.0,25646.0,-21432.0,1226,545,7027,10,2025-06-21T16:22:46+00:00,2024-04-05
2024-04-05,19:50:00,IMOEXF,YUR,-4214.0,5765.0,-9979.0,5,8,7027,10,2025-06-21T16:22:46+00:00,2024-04-05
2024-04-05,19:55:00,IMOEXF,FIZ,4214.0,25643.0,-21429.0,1226,544,7027,11,2025-06-21T16:22:46+00:00,2024-04-05
2024-04-05,19:55:00,IMOEXF,YUR,-4214.0,5765.0,-9979.0,5,8,7027,11,2025-06-21T16:22:46+00:00,2024-04-05
2024-04-05,20:00:00,IMOEXF,FIZ,4214.0,25645.0,-21431.0,1226,544,7027,12,2025-06-21T16:22:46+00:00,2024-04-05
2024-04-05,20:00:00,IMOEXF,YUR,-4214.0,5765.0,-9979.0,5,8,7027,12,2025-06-21T16:22:46+00:00,2024-04-05
2024-04-05,20:05:00,IMOEXF,FIZ,4214.0,25645.0,-21431.0,1226,544,7027,13,2025-06-21T16:22:46+00:00,2024-04-05
2024-04-05,20:05:00,IMOEXF,YUR,-4214.0,5765.0,-9979.0,5,8,7027,13,2025-06-21T16:22:46+00:00,2024-04-05
2024-04-05,20:10:00,IMOEXF,FIZ,4214.0,25644.0,-21430.0,1226,544,7027,14,2025-06-21T16:22:46+00:00,2024-04-05
2024-04-05,20:10:00,IMOEXF,YUR,-4214.0,5765.0,-9979.0,5,8,7027,14,2025-06-21T16:22:46+00:00,2024-04-05
2024-04-05,20:15:00,IMOEXF,FIZ,4214.0,25642.0,-21428.0,1225,544,7027,15,2025-06-21T16:22:46+00:00,2024-04-05
2024-04-05,20:15:00,IMOEXF,YUR,-4214.0,5765.0,-9979.0,5,8,7027,15,2025-06-21T16:22:46+00:00,2024-04-05
2024-04-05,20:20:00,IMOEXF,FIZ,4214.0,25642.0,-21428.0,1225,544,7027,16,2025-06-21T16:22:46+00:00,2024-04-05
2024-04-05,20:20:00,IMOEXF,YUR,-4214.0,5765.0,-9979.0,5,8,7027,16,2025-06-21T16:22:46+00:00,2024-04-05
2024-04-05,20:25:00,IMOEXF,FIZ,4214.0,25642.0,-21428.0,1225,544,7027,17,2025-06-21T16:22:46+00:00,2024-04-05
2024-04-05,20:25:00,IMOEXF,YUR,-4214.0,5765.0,-9979.0,5,8,7027,17,2025-06-21T16:22:46+00:00,2024-04-05
2024-04-05,20:30:00,IMOEXF,FIZ,4214.0,25642.0,-21428.0,1224,544,7027,18,2025-06-21T16:22:46+00:00,2024-04-05
2024-04-05,20:30:00,IMOEXF,YUR,-4214.0,5765.0,-9979.0,5,8,7027,18,2025-06-21T16:22:46+00:00,2024-04-05
2024-04-05,20:35:00,IMOEXF,FIZ,4214.0,25642.0,-21428.0,1224,544,7027,19,2025-06-21T16:22:46+00:00,2024-04-05
2024-04-05,20:35:00,IMOEXF,YUR,-4214.0,5765.0,-9979.0,5,8,7027,19,2025-06-21T16:22:46+00:00,2024-04-05
2024-04-05,20:40:00,IMOEXF,FIZ,4214.0,25642.0,-21428.0,1224,544,7027,20,2025-06-21T16:22:46+00:00,2024-04-05
2024-04-05,20:40:00,IMOEXF,YUR,-4214.0,5765.0,-9979.0,5,8,7027,20,2025-06-21T16:22:46+00:00,2024-04-05
2024-04-05,20:45:00,IMOEXF,FIZ,4214.0,25642.0,-21428.0,1224,543,7027,21,2025-06-21T16:22:46+00:00,2024-04-05
2024-04-05,20:45:00,IMOEXF,YUR,-4214.0,5765.0,-9979.0,5,8,7027,21,2025-06-21T16:22:46+00:00,2024-04-05
2024-04-05,20:50:00,IMOEXF,FIZ,4214.0,25642.0,-21428.0,1224,543,7027,22,2025-06-21T16:22:46+00:00,2024-04-05
2024-04-05,20:50:00,IMOEXF,YUR,-4214.0,5765.0,-9979.0,5,8,7027,22,2025-06-21T16:22:46+00:00,2024-04-05
2024-04-05,20:55:00,IMOEXF,FIZ,4214.0,25642.0,-21428.0,1224,543,7027,23,2025-06-21T16:22:46+00:00,2024-04-05
2024-04-05,20:55:00,IMOEXF,YUR,-4214.0,5765.0,-9979.0,5,8,7027,23,2025-06-21T16:22:46+00:00,2024-04-05
2024-04-05,21:00:00,IMOEXF,FIZ,4214.0,25643.0,-21429.0,1225,542,7027,24,2025-06-21T16:22:46+00:00,2024-04-05
2024-04-05,21:00:00,IMOEXF,YUR,-4214.0,5765.0,-9979.0,5,8,7027,24,2025-06-21T16:22:46+00:00,2024-04-05
2024-04-05,21:05:00,IMOEXF,FIZ,4214.0,25643.0,-21429.0,1225,542,7027,25,2025-06-21T16:22:46+00:00,2024-04-05
2024-04-05,21:05:00,IMOEXF,YUR,-4214.0,5765.0,-9979.0,5,8,7027,25,2025-06-21T16:22:46+00:00,2024-04-05
2024-04-05,21:10:00,IMOEXF,FIZ,4214.0,25643.0,-21429.0,1225,542,7027,26,2025-06-21T16:22:46+00:00,2024-04-05
2024-04-05,21:10:00,IMOEXF,YUR,-4214.0,5765.0,-9979.0,5,8,7027,26,2025-06-21T16:22:46+00:00,2024-04-05
2024-04-05,21:15:00,IMOEXF,FIZ,4214.0,25643.0,-21429.0,1225,542,7027,27,2025-06-21T16:22:46+00:00,2024-04-05
2024-04-05,21:15:00,IMOEXF,YUR,-4214.0,5765.0,-9979.0,5,8,7027,27,2025-06-21T16:22:46+00:00,2024-04-05
2024-04-05,21:20:00,IMOEXF,FIZ,4214.0,25641.0,-21427.0,1226,542,7027,28,2025-06-21T16:22:46+00:00,2024-04-05
2024-04-05,21:20:00,IMOEXF,YUR,-4214.0,5765.0,-9979.0,5,8,7027,28,2025-06-21T16:22:46+00:00,2024-04-05
2024-04-05,21:25:00,IMOEXF,FIZ,4214.0,25641.0,-21427.0,1226,542,7027,29,2025-06-21T16:22:46+00:00,2024-04-05
2024-04-05,21:25:00,IMOEXF,YUR,-4214.0,5765.0,-9979.0,5,8,7027,29,2025-06-21T16:22:46+00:00,2024-04-05
2024-04-05,21:30:00,IMOEXF,FIZ,4214.0,25643.0,-21429.0,1226,542,7027,30,2025-06-21T16:22:46+00:00,2024-04-05
2024-04-05,21:30:00,IMOEXF,YUR,-4214.0,5765.0,-9979.0,5,8,7027,30,2025-06-21T16:22:46+00:00,2024-04-05
2024-04-05,21:35:00,IMOEXF,FIZ,4214.0,25644.0,-21430.0,1226,542,7027,31,2025-06-21T16:22:46+00:00,2024-04-05
2024-04-05,21:35:00,IMOEXF,YUR,-4214.0,5765.0,-9979.0,5,8,7027,31,2025-06-21T16:22:46+00:00,2024-04-05
2024-04-05,21:40:00,IMOEXF,FIZ,4258.0,25697.0,-21439.0,1226,543,7027,32,2025-06-21T16:22:46+00:00,2024-04-05
2024-04-05,21:40:00,IMOEXF,YUR,-4258.0,5765.0,-10023.0,5,8,7027,32,2025-06-21T16:22:46+00:00,2024-04-05
2024-04-05,21:45:00,IMOEXF,FIZ,4261.0,25697.0,-21436.0,1226,542,7027,33,2025-06-21T16:22:46+00:00,2024-04-05
2024-04-05,21:45:00,IMOEXF,YUR,-4261.0,5765.0,-10026.0,5,8,7027,33,2025-06-21T16:22:46+00:00,2024-04-05
2024-04-05,21:50:00,IMOEXF,FIZ,4272.0,25697.0,-21425.0,1226,540,7027,34,2025-06-21T16:22:46+00:00,2024-04-05
2024-04-05,21:50:00,IMOEXF,YUR,-4272.0,5765.0,-10037.0,5,8,7027,34,2025-06-21T16:22:46+00:00,2024-04-05
2024-04-05,21:55:00,IMOEXF,FIZ,4295.0,25709.0,-21414.0,1226,540,7027,35,2025-06-21T16:22:46+00:00,2024-04-05
2024-04-05,21:55:00,IMOEXF,YUR,-4295.0,5765.0,-10060.0,5,8,7027,35,2025-06-21T16:22:46+00:00,2024-04-05
2024-04-05,22:00:00,IMOEXF,FIZ,4297.0,25700.0,-21403.0,1228,537,7027,36,2025-06-21T16:22:46+00:00,2024-04-05
2024-04-05,22:00:00,IMOEXF,YUR,-4297.0,5765.0,-10062.0,5,8,7027,36,2025-06-21T16:22:46+00:00,2024-04-05
2024-04-05,22:05:00,IMOEXF,FIZ,4228.0,25721.0,-21493.0,1231,539,7027,37,2025-06-21T16:22:46+00:00,2024-04-05
2024-04-05,22:05:00,IMOEXF,YUR,-4228.0,5765.0,-9993.0,5,8,7027,37,2025-06-21T16:22:46+00:00,2024-04-05
2024-04-05,22:10:00,IMOEXF,FIZ,4228.0,25717.0,-21489.0,1230,539,7027,38,2025-06-21T16:22:46+00:00,2024-04-05
2024-04-05,22:10:00,IMOEXF,YUR,-4228.0,5765.0,-9993.0,5,8,7027,38,2025-06-21T16:22:46+00:00,2024-04-05
2024-04-05,22:15:00,IMOEXF,FIZ,4228.0,25717.0,-21489.0,1230,539,7027,39,2025-06-21T16:22:46+00:00,2024-04-05
2024-04-05,22:15:00,IMOEXF,YUR,-4228.0,5765.0,-9993.0,5,8,7027,39,2025-06-21T16:22:46+00:00,2024-04-05
2024-04-05,22:20:00,IMOEXF,FIZ,4228.0,25717.0,-21489.0,1230,539,7027,40,2025-06-21T16:22:46+00:00,2024-04-05
2024-04-05,22:20:00,IMOEXF,YUR,-4228.0,5765.0,-9993.0,5,8,7027,40,2025-06-21T16:22:46+00:00,2024-04-05
2024-04-05,22:25:00,IMOEXF,FIZ,4228.0,25717.0,-21489.0,1230,539,7027,41,2025-06-21T16:22:46+00:00,2024-04-05
2024-04-05,22:25:00,IMOEXF,YUR,-4228.0,5765.0,-9993.0,5,8,7027,41,2025-06-21T16:22:46+00:00,2024-04-05
2024-04-05,22:30:00,IMOEXF,FIZ,4228.0,25717.0,-21489.0,1230,539,7027,42,2025-06-21T16:22:46+00:00,2024-04-05
2024-04-05,22:30:00,IMOEXF,YUR,-4228.0,5765.0,-9993.0,5,8,7027,42,2025-06-21T16:22:46+00:00,2024-04-05
2024-04-05,22:35:00,IMOEXF,FIZ,4228.0,25716.0,-21488.0,1230,539,7027,43,2025-06-21T16:22:46+00:00,2024-04-05
2024-04-05,22:35:00,IMOEXF,YUR,-4228.0,5765.0,-9993.0,5,8,7027,43,2025-06-21T16:22:46+00:00,2024-04-05
2024-04-05,22:40:00,IMOEXF,FIZ,4228.0,25720.0,-21492.0,1230,540,7027,44,2025-06-21T16:22:46+00:00,2024-04-05
2024-04-05,22:40:00,IMOEXF,YUR,-4228.0,5765.0,-9993.0,5,8,7027,44,2025-06-21T16:22:46+00:00,2024-04-05
2024-04-05,22:45:00,IMOEXF,FIZ,4228.0,25733.0,-21505.0,1228,542,7027,45,2025-06-21T16:22:46+00:00,2024-04-05
2024-04-05,22:45:00,IMOEXF,YUR,-4228.0,5765.0,-9993.0,5,8,7027,45,2025-06-21T16:22:46+00:00,2024-04-05
2024-04-05,22:50:00,IMOEXF,FIZ,4232.0,25737.0,-21505.0,1228,541,7027,46,2025-06-21T16:22:46+00:00,2024-04-05
2024-04-05,22:50:00,IMOEXF,YUR,-4232.0,5765.0,-9997.0,5,8,7027,46,2025-06-21T16:22:46+00:00,2024-04-05
2024-04-05,22:55:00,IMOEXF,FIZ,4233.0,25742.0,-21509.0,1229,541,7027,47,2025-06-21T16:22:46+00:00,2024-04-05
2024-04-05,22:55:00,IMOEXF,YUR,-4233.0,5765.0,-9998.0,5,8,7027,47,2025-06-21T16:22:46+00:00,2024-04-05
2024-04-05,23:00:00,IMOEXF,FIZ,4271.0,25780.0,-21509.0,1229,541,7027,48,2025-06-21T16:22:46+00:00,2024-04-05
2024-04-05,23:00:00,IMOEXF,YUR,-4271.0,5765.0,-10036.0,5,8,7027,48,2025-06-21T16:22:46+00:00,2024-04-05
2024-04-05,23:05:00,IMOEXF,FIZ,4271.0,25780.0,-21509.0,1229,541,7027,49,2025-06-21T16:22:46+00:00,2024-04-05
2024-04-05,23:05:00,IMOEXF,YUR,-4271.0,5765.0,-10036.0,5,8,7027,49,2025-06-21T16:22:46+00:00,2024-04-05
2024-04-05,23:10:00,IMOEXF,FIZ,4274.0,25778.0,-21504.0,1228,540,7027,50,2025-06-21T16:22:46+00:00,2024-04-05
2024-04-05,23:10:00,IMOEXF,YUR,-4274.0,5765.0,-10039.0,5,8,7027,50,2025-06-21T16:22:46+00:00,2024-04-05
2024-04-05,23:15:00,IMOEXF,FIZ,4276.0,25779.0,-21503.0,1229,538,7027,51,2025-06-21T16:22:46+00:00,2024-04-05
2024-04-05,23:15:00,IMOEXF,YUR,-4276.0,5765.0,-10041.0,5,8,7027,51,2025-06-21T16:22:46+00:00,2024-04-05
2024-04-05,23:20:00,IMOEXF,FIZ,4361.0,25864.0,-21503.0,1230,538,7027,52,2025-06-21T16:22:46+00:00,2024-04-05
2024-04-05,23:20:00,IMOEXF,YUR,-4361.0,5765.0,-10126.0,5,8,7027,52,2025-06-21T16:22:46+00:00,2024-04-05
2024-04-05,23:25:00,IMOEXF,FIZ,4396.0,25897.0,-21501.0,1229,537,7027,53,2025-06-21T16:22:46+00:00,2024-04-05
2024-04-05,23:25:00,IMOEXF,YUR,-4396.0,5765.0,-10161.0,5,8,7027,53,2025-06-21T16:22:46+00:00,2024-04-05
2024-04-05,23:30:00,IMOEXF,FIZ,4396.0,25885.0,-21489.0,1229,537,7027,54,2025-06-21T16:22:46+00:00,2024-04-05
2024-04-05,23:30:00,IMOEXF,YUR,-4396.0,5765.0,-10161.0,5,8,7027,54,2025-06-21T16:22:46+00:00,2024-04-05
2024-04-05,23:35:00,IMOEXF,FIZ,4402.0,25893.0,-21491.0,1230,536,7027,55,2025-06-21T16:22:46+00:00,2024-04-05
2024-04-05,23:35:00,IMOEXF,YUR,-4402.0,5765.0,-10167.0,5,8,7027,55,2025-06-21T16:22:46+00:00,2024-04-05
2024-04-05,23:40:00,IMOEXF,FIZ,4449.0,25926.0,-21477.0,1231,536,7027,56,2025-06-21T16:22:46+00:00,2024-04-05
2024-04-05,23:40:00,IMOEXF,YUR,-4449.0,5765.0,-10214.0,5,9,7027,56,2025-06-21T16:22:46+00:00,2024-04-05
2024-04-05,23:45:00,IMOEXF,FIZ,4441.0,25926.0,-21485.0,1231,534,7027,57,2025-06-21T16:22:46+00:00,2024-04-05
2024-04-05,23:45:00,IMOEXF,YUR,-4441.0,5765.0,-10206.0,5,9,7027,57,2025-06-21T16:22:46+00:00,2024-04-05
2024-04-08,08:55:00,IMOEXF,FIZ,4441.0,25926.0,-21485.0,1231,534,7027,58,2025-06-21T16:22:46+00:00,2024-04-08
2024-04-08,08:55:00,IMOEXF,YUR,-4441.0,5765.0,-10206.0,5,9,7027,58,2025-06-21T16:22:46+00:00,2024-04-08
2024-04-08,09:00:00,IMOEXF,FIZ,4426.0,25900.0,-21474.0,1230,536,7027,59,2025-06-21T16:22:46+00:00,2024-04-08
2024-04-08,09:00:00,IMOEXF,YUR,-4426.0,5765.0,-10191.0,5,9,7027,59,2025-06-21T16:22:46+00:00,2024-04-08
2024-04-08,09:05:00,IMOEXF,FIZ,4396.0,25874.0,-21478.0,1227,535,7027,60,2025-06-21T16:22:46+00:00,2024-04-08
2024-04-08,09:05:00,IMOEXF,YUR,-4396.0,5765.0,-10161.0,5,9,7027,60,2025-06-21T16:22:46+00:00,2024-04-08
2024-04-08,09:10:00,IMOEXF,FIZ,4396.0,25889.0,-21493.0,1230,534,7027,61,2025-06-21T16:22:46+00:00,2024-04-08
2024-04-08,09:10:00,IMOEXF,YUR,-4396.0,5765.0,-10161.0,5,9,7027,61,2025-06-21T16:22:46+00:00,2024-04-08
2024-04-08,09:15:00,IMOEXF,FIZ,4396.0,25893.0,-21497.0,1231,535,7027,62,2025-06-21T16:22:46+00:00,2024-04-08
2024-04-08,09:15:00,IMOEXF,YUR,-4396.0,5765.0,-10161.0,5,9,7027,62,2025-06-21T16:22:46+00:00,2024-04-08
2024-04-08,09:20:00,IMOEXF,FIZ,4396.0,25898.0,-21502.0,1231,535,7027,63,2025-06-21T16:22:46+00:00,2024-04-08
2024-04-08,09:20:00,IMOEXF,YUR,-4396.0,5765.0,-10161.0,5,9,7027,63,2025-06-21T16:22:46+00:00,2024-04-08
2024-04-08,09:25:00,IMOEXF,FIZ,4396.0,25904.0,-21508.0,1231,534,7027,64,2025-06-21T16:22:46+00:00,2024-04-08
2024-04-08,09:25:00,IMOEXF,YUR,-4396.0,5765.0,-10161.0,5,9,7027,64,2025-06-21T16:22:46+00:00,2024-04-08
2024-04-08,09:30:00,IMOEXF,FIZ,4396.0,25915.0,-21519.0,1233,535,7027,65,2025-06-21T16:22:46+00:00,2024-04-08
2024-04-08,09:30:00,IMOEXF,YUR,-4396.0,5765.0,-10161.0,5,9,7027,65,2025-06-21T16:22:46+00:00,2024-04-08
2024-04-08,09:35:00,IMOEXF,FIZ,4396.0,25916.0,-21520.0,1235,535,7027,66,2025-06-21T16:22:46+00:00,2024-04-08
2024-04-08,09:35:00,IMOEXF,YUR,-4396.0,5765.0,-10161.0,5,9,7027,66,2025-06-21T16:22:46+00:00,2024-04-08
2024-04-08,09:40:00,IMOEXF,FIZ,4396.0,25915.0,-21519.0,1236,534,7027,67,2025-06-21T16:22:46+00:00,2024-04-08
2024-04-08,09:40:00,IMOEXF,YUR,-4396.0,5765.0,-10161.0,5,9,7027,67,2025-06-21T16:22:46+00:00,2024-04-08
2024-04-08,09:45:00,IMOEXF,FIZ,4396.0,25921.0,-21525.0,1236,534,7027,68,2025-06-21T16:22:46+00:00,2024-04-08
2024-04-08,09:45:00,IMOEXF,YUR,-4396.0,5765.0,-10161.0,5,9,7027,68,2025-06-21T16:22:46+00:00,2024-04-08
2024-04-08,09:50:00,IMOEXF,FIZ,4396.0,25923.0,-21527.0,1237,534,7027,69,2025-06-21T16:22:46+00:00,2024-04-08
2024-04-08,09:50:00,IMOEXF,YUR,-4396.0,5765.0,-10161.0,5,9,7027,69,2025-06-21T16:22:46+00:00,2024-04-08
2024-04-08,09:55:00,IMOEXF,FIZ,4396.0,25928.0,-21532.0,1237,535,7027,70,2025-06-21T16:22:46+00:00,2024-04-08
2024-04-08,09:55:00,IMOEXF,YUR,-4396.0,5765.0,-10161.0,5,9,7027,70,2025-06-21T16:22:46+00:00,2024-04-08
2024-04-08,10:00:00,IMOEXF,FIZ,4405.0,25949.0,-21544.0,1240,531,7027,71,2025-06-21T16:22:46+00:00,2024-04-08
2024-04-08,10:00:00,IMOEXF,YUR,-4405.0,5765.0,-10170.0,5,9,7027,71,2025-06-21T16:22:46+00:00,2024-04-08
2024-04-08,10:05:00,IMOEXF,FIZ,4540.0,26010.0,-21470.0,1247,528,7027,72,2025-06-21T16:22:46+00:00,2024-04-08
2024-04-08,10:05:00,IMOEXF,YUR,-4540.0,5765.0,-10305.0,5,9,7027,72,2025-06-21T16:22:46+00:00,2024-04-08
2024-04-08,10:10:00,IMOEXF,FIZ,4476.0,25950.0,-21474.0,1247,529,7027,73,2025-06-21T16:22:46+00:00,2024-04-08
2024-04-08,10:10:00,IMOEXF,YUR,-4476.0,5765.0,-10241.0,5,8,7027,73,2025-06-21T16:22:46+00:00,2024-04-08
2024-04-08,10:15:00,IMOEXF,FIZ,4414.0,25924.0,-21510.0,1248,527,7027,74,2025-06-21T16:22:46+00:00,2024-04-08
2024-04-08,10:15:00,IMOEXF,YUR,-4414.0,5765.0,-10179.0,5,8,7027,74,2025-06-21T16:22:46+00:00,2024-04-08
2024-04-08,10:20:00,IMOEXF,FIZ,4336.0,25800.0,-21464.0,1251,530,7027,75,2025-06-21T16:22:46+00:00,2024-04-08
2024-04-08,10:20:00,IMOEXF,YUR,-4336.0,5765.0,-10101.0,5,8,7027,75,2025-06-21T16:22:46+00:00,2024-04-08
2024-04-08,10:25:00,IMOEXF,FIZ,4336.0,25791.0,-21455.0,1254,532,7027,76,2025-06-21T16:22:46+00:00,2024-04-08
2024-04-08,10:25:00,IMOEXF,YUR,-4336.0,5765.0,-10101.0,5,8,7027,76,2025-06-21T16:22:46+00:00,2024-04-08
2024-04-08,10:30:00,IMOEXF,FIZ,4331.0,25777.0,-21446.0,1256,532,7027,77,2025-06-21T16:22:46+00:00,2024-04-08
2024-04-08,10:30:00,IMOEXF,YUR,-4331.0,5765.0,-10096.0,5,8,7027,77,2025-06-21T16:22:46+00:00,2024-04-08
2024-04-08,10:35:00,IMOEXF,FIZ,4317.0,25759.0,-21442.0,1258,533,7027,78,2025-06-21T16:22:46+00:00,2024-04-08
2024-04-08,10:35:00,IMOEXF,YUR,-4317.0,5765.0,-10082.0,5,8,7027,78,2025-06-21T16:22:46+00:00,2024-04-08
2024-04-08,10:40:00,IMOEXF,FIZ,4316.0,25758.0,-21442.0,1259,533,7027,79,2025-06-21T16:22:46+00:00,2024-04-08
2024-04-08,10:40:00,IMOEXF,YUR,-4316.0,5765.0,-10081.0,5,8,7027,79,2025-06-21T16:22:46+00:00,2024-04-08
2024-04-08,10:45:00,IMOEXF,FIZ,4316.0,25760.0,-21444.0,1260,532,7027,80,2025-06-21T16:22:46+00:00,2024-04-08
2024-04-08,10:45:00,IMOEXF,YUR,-4316.0,5765.0,-10081.0,5,8,7027,80,2025-06-21T16:22:46+00:00,2024-04-08
2024-04-08,10:50:00,IMOEXF,FIZ,4311.0,25759.0,-21448.0,1259,533,7027,81,2025-06-21T16:22:46+00:00,2024-04-08
2024-04-08,10:50:00,IMOEXF,YUR,-4311.0,5765.0,-10076.0,5,8,7027,81,2025-06-21T16:22:46+00:00,2024-04-08
2024-04-08,10:55:00,IMOEXF,FIZ,4291.0,25746.0,-21455.0,1258,530,7027,82,2025-06-21T16:22:46+00:00,2024-04-08
2024-04-08,10:55:00,IMOEXF,YUR,-4291.0,5765.0,-10056.0,5,8,7027,82,2025-06-21T16:22:46+00:00,2024-04-08
2024-04-08,11:00:00,IMOEXF,FIZ,4287.0,25783.0,-21496.0,1257,530,7027,83,2025-06-21T16:22:46+00:00,2024-04-08
2024-04-08,11:00:00,IMOEXF,YUR,-4287.0,5765.0,-10052.0,5,8,7027,83,2025-06-21T16:22:46+00:00,2024-04-08
2024-04-08,11:05:00,IMOEXF,FIZ,4283.0,25818.0,-21535.0,1258,533,7027,84,2025-06-21T16:22:46+00:00,2024-04-08
2024-04-08,11:05:00,IMOEXF,YUR,-4283.0,5765.0,-10048.0,5,8,7027,84,2025-06-21T16:22:46+00:00,2024-04-08
2024-04-08,11:10:00,IMOEXF,FIZ,4270.0,25798.0,-21528.0,1258,532,7027,85,2025-06-21T16:22:46+00:00,2024-04-08
2024-04-08,11:10:00,IMOEXF,YUR,-4270.0,5765.0,-10035.0,5,8,7027,85,2025-06-21T16:22:46+00:00,2024-04-08
2024-04-08,11:15:00,IMOEXF,FIZ,4248.0,25796.0,-21548.0,1257,533,7027,86,2025-06-21T16:22:46+00:00,2024-04-08
2024-04-08,11:15:00,IMOEXF,YUR,-4248.0,5765.0,-10013.0,5,8,7027,86,2025-06-21T16:22:46+00:00,2024-04-08
2024-04-08,11:20:00,IMOEXF,FIZ,4248.0,25790.0,-21542.0,1256,533,7027,87,2025-06-21T16:22:46+00:00,2024-04-08
2024-04-08,11:20:00,IMOEXF,YUR,-4248.0,5765.0,-10013.0,5,8,7027,87,2025-06-21T16:22:46+00:00,2024-04-08
2024-04-08,11:25:00,IMOEXF,FIZ,4248.0,25789.0,-21541.0,1255,532,7027,88,2025-06-21T16:22:46+00:00,2024-04-08
2024-04-08,11:25:00,IMOEXF,YUR,-4248.0,5765.0,-10013.0,5,8,7027,88,2025-06-21T16:22:46+00:00,2024-04-08
2024-04-08,11:30:00,IMOEXF,FIZ,4248.0,25789.0,-21541.0,1255,532,7027,89,2025-06-21T16:22:46+00:00,2024-04-08
2024-04-08,11:30:00,IMOEXF,YUR,-4248.0,5765.0,-10013.0,5,8,7027,89,2025-06-21T16:22:46+00:00,2024-04-08
2024-04-08,11:35:00,IMOEXF,FIZ,4255.0,25799.0,-21544.0,1258,533,7027,90,2025-06-21T16:22:46+00:00,2024-04-08
2024-04-08,11:35:00,IMOEXF,YUR,-4255.0,5765.0,-10020.0,5,8,7027,90,2025-06-21T16:22:46+00:00,2024-04-08
2024-04-08,11:40:00,IMOEXF,FIZ,4266.0,25819.0,-21553.0,1260,533,7027,91,2025-06-21T16:22:46+00:00,2024-04-08
2024-04-08,11:40:00,IMOEXF,YUR,-4266.0,5765.0,-10031.0,5,8,7027,91,2025-06-21T16:22:46+00:00,2024-04-08
2024-04-08,11:45:00,IMOEXF,FIZ,4686.0,26446.0,-21760.0,1262,536,7027,92,2025-06-21T16:22:46+00:00,2024-04-08
2024-04-08,11:45:00,IMOEXF,YUR,-4686.0,5768.0,-10454.0,5,8,7027,92,2025-06-21T16:22:46+00:00,2024-04-08
2024-04-08,11:50:00,IMOEXF,FIZ,4686.0,26444.0,-21758.0,1262,535,7027,93,2025-06-21T16:22:46+00:00,2024-04-08
2024-04-08,11:50:00,IMOEXF,YUR,-4686.0,5768.0,-10454.0,5,8,7027,93,2025-06-21T16:22:46+00:00,2024-04-08
2024-04-08,11:55:00,IMOEXF,FIZ,4693.0,26518.0,-21825.0,1265,533,7027,94,2025-06-21T16:22:46+00:00,2024-04-08
2024-04-08,11:55:00,IMOEXF,YUR,-4693.0,5770.0,-10463.0,5,8,7027,94,2025-06-21T16:22:46+00:00,2024-04-08
2024-04-08,12:00:00,IMOEXF,FIZ,4706.0,26512.0,-21806.0,1266,534,7027,95,2025-06-21T16:22:46+00:00,2024-04-08
2024-04-08,12:00:00,IMOEXF,YUR,-4706.0,5770.0,-10476.0,5,8,7027,95,2025-06-21T16:22:46+00:00,2024-04-08
2024-04-08,12:05:00,IMOEXF,FIZ,4696.0,26503.0,-21807.0,1266,534,7027,96,2025-06-21T16:22:46+00:00,2024-04-08
2024-04-08,12:05:00,IMOEXF,YUR,-4696.0,5770.0,-10466.0,5,8,7027,96,2025-06-21T16:22:46+00:00,2024-04-08
2024-04-08,12:10:00,IMOEXF,FIZ,4696.0,26512.0,-21816.0,1268,534,7027,97,2025-06-21T16:22:46+00:00,2024-04-08
2024-04-08,12:10:00,IMOEXF,YUR,-4696.0,5770.0,-10466.0,5,8,7027,97,2025-06-21T16:22:46+00:00,2024-04-08
2024-04-08,12:15:00,IMOEXF,FIZ,4696.0,26524.0,-21828.0,1268,536,7027,98,2025-06-21T16:22:46+00:00,2024-04-08
2024-04-08,12:15:00,IMOEXF,YUR,-4696.0,5770.0,-10466.0,5,8,7027,98,2025-06-21T16:22:46+00:00,2024-04-08
2024-04-08,12:20:00,IMOEXF,FIZ,4694.0,26522.0,-21828.0,1268,536,7027,99,2025-06-21T16:22:46+00:00,2024-04-08
2024-04-08,12:20:00,IMOEXF,YUR,-4694.0,5770.0,-10464.0,5,8,7027,99,2025-06-21T16:22:46+00:00,2024-04-08
2024-04-08,12:25:00,IMOEXF,FIZ,4724.0,26520.0,-21796.0,1269,538,7027,100,2025-06-21T16:22:46+00:00,2024-04-08
2024-04-08,12:25:00,IMOEXF,YUR,-4724.0,5770.0,-10494.0,5,8,7027,100,2025-06-21T16:22:46+00:00,2024-04-08
2024-04-08,12:30:00,IMOEXF,FIZ,4724.0,26519.0,-21795.0,1268,539,7027,101,2025-06-21T16:22:46+00:00,2024-04-08
2024-04-08,12:30:00,IMOEXF,YUR,-4724.0,5770.0,-10494.0,5,8,7027,101,2025-06-21T16:22:46+00:00,2024-04-08
2024-04-08,12:35:00,IMOEXF,FIZ,4724.0,26518.0,-21794.0,1267,538,7027,102,2025-06-21T16:22:46+00:00,2024-04-08
2024-04-08,12:35:00,IMOEXF,YUR,-4724.0,5770.0,-10494.0,5,8,7027,102,2025-06-21T16:22:46+00:00,2024-04-08
2024-04-08,12:40:00,IMOEXF,FIZ,4719.0,26541.0,-21822.0,1272,538,7027,103,2025-06-21T16:22:46+00:00,2024-04-08
2024-04-08,12:40:00,IMOEXF,YUR,-4719.0,5770.0,-10489.0,5,8,7027,103,2025-06-21T16:22:46+00:00,2024-04-08
2024-04-08,12:45:00,IMOEXF,FIZ,4719.0,26593.0,-21874.0,1274,542,7027,104,2025-06-21T16:22:46+00:00,2024-04-08
2024-04-08,12:45:00,IMOEXF,YUR,-4719.0,5770.0,-10489.0,5,8,7027,104,2025-06-21T16:22:46+00:00,2024-04-08
2024-04-08,12:50:00,IMOEXF,FIZ,4719.0,26595.0,-21876.0,1273,543,7027,105,2025-06-21T16:22:46+00:00,2024-04-08
2024-04-08,12:50:00,IMOEXF,YUR,-4719.0,5770.0,-10489.0,5,8,7027,105,2025-06-21T16:22:46+00:00,2024-04-08
2024-04-08,12:55:00,IMOEXF,FIZ,4719.0,26620.0,-21901.0,1273,540,7027,106,2025-06-21T16:22:46+00:00,2024-04-08
2024-04-08,12:55:00,IMOEXF,YUR,-4719.0,5770.0,-10489.0,5,8,7027,106,2025-06-21T16:22:46+00:00,2024-04-08
2024-04-08,13:00:00,IMOEXF,FIZ,4712.0,26623.0,-21911.0,1274,540,7027,107,2025-06-21T16:22:46+00:00,2024-04-08
2024-04-08,13:00:00,IMOEXF,YUR,-4712.0,5770.0,-10482.0,5,8,7027,107,2025-06-21T16:22:46+00:00,2024-04-08
2024-04-08,13:05:00,IMOEXF,FIZ,4708.0,26624.0,-21916.0,1273,539,7027,108,2025-06-21T16:22:46+00:00,2024-04-08
2024-04-08,13:05:00,IMOEXF,YUR,-4708.0,5770.0,-10478.0,5,8,7027,108,2025-06-21T16:22:46+00:00,2024-04-08
2024-04-08,13:10:00,IMOEXF,FIZ,4706.0,26635.0,-21929.0,1276,539,7027,109,2025-06-21T16:22:46+00:00,2024-04-08
2024-04-08,13:10:00,IMOEXF,YUR,-4706.0,5770.0,-10476.0,5,8,7027,109,2025-06-21T16:22:46+00:00,2024-04-08
2024-04-08,13:15:00,IMOEXF,FIZ,4687.0,26640.0,-21953.0,1277,540,7027,110,2025-06-21T16:22:46+00:00,2024-04-08
2024-04-08,13:15:00,IMOEXF,YUR,-4687.0,5770.0,-10457.0,5,8,7027,110,2025-06-21T16:22:46+00:00,2024-04-08
2024-04-08,13:20:00,IMOEXF,FIZ,4686.0,26640.0,-21954.0,1276,543,7027,111,2025-06-21T16:22:46+00:00,2024-04-08
2024-04-08,13:20:00,IMOEXF,YUR,-4686.0,5770.0,-10456.0,5,8,7027,111,2025-06-21T16:22:46+00:00,2024-04-08
2024-04-08,13:25:00,IMOEXF,FIZ,4686.0,26642.0,-21956.0,1274,543,7027,112,2025-06-21T16:22:46+00:00,2024-04-08
2024-04-08,13:25:00,IMOEXF,YUR,-4686.0,5770.0,-10456.0,5,8,7027,112,2025-06-21T16:22:46+00:00,2024-04-08
2024-04-08,13:30:00,IMOEXF,FIZ,4686.0,26643.0,-21957.0,1274,543,7027,113,2025-06-21T16:22:46+00:00,2024-04-08
2024-04-08,13:30:00,IMOEXF,YUR,-4686.0,5770.0,-10456.0,5,8,7027,113,2025-06-21T16:22:46+00:00,2024-04-08
2024-04-08,13:35:00,IMOEXF,FIZ,4686.0,26646.0,-21960.0,1275,544,7027,114,2025-06-21T16:22:46+00:00,2024-04-08
2024-04-08,13:35:00,IMOEXF,YUR,-4686.0,5770.0,-10456.0,5,8,7027,114,2025-06-21T16:22:46+00:00,2024-04-08
2024-04-08,13:40:00,IMOEXF,FIZ,4658.0,26658.0,-22000.0,1276,545,7027,115,2025-06-21T16:22:46+00:00,2024-04-08
2024-04-08,13:40:00,IMOEXF,YUR,-4658.0,5770.0,-10428.0,5,8,7027,115,2025-06-21T16:22:46+00:00,2024-04-08
2024-04-08,13:45:00,IMOEXF,FIZ,4658.0,26659.0,-22001.0,1275,546,7027,116,2025-06-21T16:22:46+00:00,2024-04-08
2024-04-08,13:45:00,IMOEXF,YUR,-4658.0,5770.0,-10428.0,5,8,7027,116,2025-06-21T16:22:46+00:00,2024-04-08
2024-04-08,13:50:00,IMOEXF,FIZ,4650.0,26651.0,-22001.0,1274,546,7027,117,2025-06-21T16:22:46+00:00,2024-04-08
2024-04-08,13:50:00,IMOEXF,YUR,-4650.0,5770.0,-10420.0,5,8,7027,117,2025-06-21T16:22:46+00:00,2024-04-08
2024-04-08,13:55:00,IMOEXF,FIZ,4650.0,26648.0,-21998.0,1273,547,7027,118,2025-06-21T16:22:46+00:00,2024-04-08
2024-04-08,13:55:00,IMOEXF,YUR,-4650.0,5770.0,-10420.0,5,8,7027,118,2025-06-21T16:22:46+00:00,2024-04-08
2024-04-08,14:05:00,IMOEXF,FIZ,4650.0,26648.0,-21998.0,1274,547,7027,119,2025-06-21T16:22:46+00:00,2024-04-08
2024-04-08,14:05:00,IMOEXF,YUR,-4650.0,5770.0,-10420.0,5,8,7027,119,2025-06-21T16:22:46+00:00,2024-04-08
2024-04-08,14:10:00,IMOEXF,FIZ,4650.0,26648.0,-21998.0,1274,547,7027,120,2025-06-21T16:22:46+00:00,2024-04-08
2024-04-08,14:10:00,IMOEXF,YUR,-4650.0,5770.0,-10420.0,5,8,7027,120,2025-06-21T16:22:46+00:00,2024-04-08
2024-04-08,14:15:00,IMOEXF,FIZ,4649.0,26645.0,-21996.0,1275,546,7027,121,2025-06-21T16:22:46+00:00,2024-04-08
2024-04-08,14:15:00,IMOEXF,YUR,-4649.0,5771.0,-10420.0,6,8,7027,121,2025-06-21T16:22:46+00:00,2024-04-08
2024-04-08,14:20:00,IMOEXF,FIZ,4649.0,26645.0,-21996.0,1275,547,7027,122,2025-06-21T16:22:46+00:00,2024-04-08
2024-04-08,14:20:00,IMOEXF,YUR,-4649.0,5771.0,-10420.0,6,8,7027,122,2025-06-21T16:22:46+00:00,2024-04-08
2024-04-08,14:25:00,IMOEXF,FIZ,4650.0,26650.0,-22000.0,1276,547,7027,123,2025-06-21T16:22:46+00:00,2024-04-08
2024-04-08,14:25:00,IMOEXF,YUR,-4650.0,5770.0,-10420.0,5,8,7027,123,2025-06-21T16:22:46+00:00,2024-04-08
2024-04-08,14:30:00,IMOEXF,FIZ,4650.0,26664.0,-22014.0,1277,546,7027,124,2025-06-21T16:22:46+00:00,2024-04-08
2024-04-08,14:30:00,IMOEXF,YUR,-4650.0,5770.0,-10420.0,5,8,7027,124,2025-06-21T16:22:46+00:00,2024-04-08
2024-04-08,14:35:00,IMOEXF,FIZ,4650.0,26676.0,-22026.0,1278,546,7027,125,2025-06-21T16:22:46+00:00,2024-04-08
2024-04-08,14:35:00,IMOEXF,YUR,-4650.0,5770.0,-10420.0,5,8,7027,125,2025-06-21T16:22:46+00:00,2024-04-08
2024-04-08,14:40:00,IMOEXF,FIZ,4650.0,26673.0,-22023.0,1278,546,7027,126,2025-06-21T16:22:46+00:00,2024-04-08
2024-04-08,14:40:00,IMOEXF,YUR,-4650.0,5770.0,-10420.0,5,8,7027,126,2025-06-21T16:22:46+00:00,2024-04-08
2024-04-08,14:45:00,IMOEXF,FIZ,4650.0,26693.0,-22043.0,1278,546,7027,127,2025-06-21T16:22:46+00:00,2024-04-08
2024-04-08,14:45:00,IMOEXF,YUR,-4650.0,5770.0,-10420.0,5,8,7027,127,2025-06-21T16:22:46+00:00,2024-04-08
2024-04-08,14:50:00,IMOEXF,FIZ,4650.0,26695.0,-22045.0,1277,547,7027,128,2025-06-21T16:22:46+00:00,2024-04-08
2024-04-08,14:50:00,IMOEXF,YUR,-4650.0,5770.0,-10420.0,5,8,7027,128,2025-06-21T16:22:46+00:00,2024-04-08
2024-04-08,14:55:00,IMOEXF,FIZ,4651.0,26706.0,-22055.0,1275,545,7027,129,2025-06-21T16:22:46+00:00,2024-04-08
2024-04-08,14:55:00,IMOEXF,YUR,-4651.0,5770.0,-10421.0,5,8,7027,129,2025-06-21T16:22:46+00:00,2024-04-08
2024-04-08,15:00:00,IMOEXF,FIZ,4657.0,26712.0,-22055.0,1277,546,7027,130,2025-06-21T16:22:46+00:00,2024-04-08
2024-04-08,15:00:00,IMOEXF,YUR,-4657.0,5770.0,-10427.0,5,8,7027,130,2025-06-21T16:22:46+00:00,2024-04-08
2024-04-08,15:05:00,IMOEXF,FIZ,4657.0,26711.0,-22054.0,1277,546,7027,131,2025-06-21T16:22:46+00:00,2024-04-08
2024-04-08,15:05:00,IMOEXF,YUR,-4657.0,5770.0,-10427.0,5,8,7027,131,2025-06-21T16:22:46+00:00,2024-04-08
2024-04-08,15:10:00,IMOEXF,FIZ,4657.0,26713.0,-22056.0,1278,546,7027,132,2025-06-21T16:22:46+00:00,2024-04-08
2024-04-08,15:10:00,IMOEXF,YUR,-4657.0,5770.0,-10427.0,5,8,7027,132,2025-06-21T16:22:46+00:00,2024-04-08
2024-04-08,15:15:00,IMOEXF,FIZ,4657.0,26715.0,-22058.0,1278,544,7027,133,2025-06-21T16:22:46+00:00,2024-04-08
2024-04-08,15:15:00,IMOEXF,YUR,-4657.0,5770.0,-10427.0,5,8,7027,133,2025-06-21T16:22:46+00:00,2024-04-08
2024-04-08,15:20:00,IMOEXF,FIZ,4657.0,26719.0,-22062.0,1278,545,7027,134,2025-06-21T16:22:46+00:00,2024-04-08
2024-04-08,15:20:00,IMOEXF,YUR,-4657.0,5770.0,-10427.0,5,8,7027,134,2025-06-21T16:22:46+00:00,2024-04-08
2024-04-08,15:25:00,IMOEXF,FIZ,4657.0,26718.0,-22061.0,1278,545,7027,135,2025-06-21T16:22:46+00:00,2024-04-08
2024-04-08,15:25:00,IMOEXF,YUR,-4657.0,5770.0,-10427.0,5,8,7027,135,2025-06-21T16:22:46+00:00,2024-04-08
2024-04-08,15:30:00,IMOEXF,FIZ,4657.0,26718.0,-22061.0,1278,545,7027,136,2025-06-21T16:22:46+00:00,2024-04-08
2024-04-08,15:30:00,IMOEXF,YUR,-4657.0,5770.0,-10427.0,5,8,7027,136,2025-06-21T16:22:46+00:00,2024-04-08
2024-04-08,15:35:00,IMOEXF,FIZ,4657.0,26722.0,-22065.0,1276,545,7027,137,2025-06-21T16:22:46+00:00,2024-04-08
2024-04-08,15:35:00,IMOEXF,YUR,-4657.0,5770.0,-10427.0,5,8,7027,137,2025-06-21T16:22:46+00:00,2024-04-08
2024-04-08,15:40:00,IMOEXF,FIZ,4657.0,26719.0,-22062.0,1276,547,7027,138,2025-06-21T16:22:46+00:00,2024-04-08
2024-04-08,15:40:00,IMOEXF,YUR,-4657.0,5770.0,-10427.0,5,8,7027,138,2025-06-21T16:22:46+00:00,2024-04-08
2024-04-08,15:45:00,IMOEXF,FIZ,4657.0,26719.0,-22062.0,1276,547,7027,139,2025-06-21T16:22:46+00:00,2024-04-08
2024-04-08,15:45:00,IMOEXF,YUR,-4657.0,5770.0,-10427.0,5,8,7027,139,2025-06-21T16:22:46+00:00,2024-04-08
2024-04-08,15:50:00,IMOEXF,FIZ,4657.0,26719.0,-22062.0,1276,546,7027,140,2025-06-21T16:22:46+00:00,2024-04-08
2024-04-08,15:50:00,IMOEXF,YUR,-4657.0,5770.0,-10427.0,5,8,7027,140,2025-06-21T16:22:46+00:00,2024-04-08
2024-04-08,15:55:00,IMOEXF,FIZ,4664.0,26602.0,-21938.0,1273,547,7027,141,2025-06-21T16:22:46+00:00,2024-04-08
2024-04-08,15:55:00,IMOEXF,YUR,-4664.0,5769.0,-10433.0,4,8,7027,141,2025-06-21T16:22:46+00:00,2024-04-08
2024-04-08,16:00:00,IMOEXF,FIZ,4673.0,26599.0,-21926.0,1273,545,7027,142,2025-06-21T16:22:46+00:00,2024-04-08
2024-04-08,16:00:00,IMOEXF,YUR,-4673.0,5769.0,-10442.0,4,8,7027,142,2025-06-21T16:22:46+00:00,2024-04-08
2024-04-08,16:05:00,IMOEXF,FIZ,4693.0,26598.0,-21905.0,1273,545,7027,143,2025-06-21T16:22:46+00:00,2024-04-08
2024-04-08,16:05:00,IMOEXF,YUR,-4693.0,5769.0,-10462.0,4,8,7027,143,2025-06-21T16:22:46+00:00,2024-04-08
2024-04-08,16:10:00,IMOEXF,FIZ,4581.0,26613.0,-22032.0,1274,545,7027,144,2025-06-21T16:22:46+00:00,2024-04-08
2024-04-08,16:10:00,IMOEXF,YUR,-4581.0,5769.0,-10350.0,4,8,7027,144,2025-06-21T16:22:46+00:00,2024-04-08
2024-04-08,16:15:00,IMOEXF,FIZ,4600.0,26612.0,-22012.0,1274,544,7027,145,2025-06-21T16:22:46+00:00,2024-04-08
2024-04-08,16:15:00,IMOEXF,YUR,-4600.0,5769.0,-10369.0,4,8,7027,145,2025-06-21T16:22:46+00:00,2024-04-08
2024-04-08,16:20:00,IMOEXF,FIZ,4580.0,26612.0,-22032.0,1274,542,7027,146,2025-06-21T16:22:46+00:00,2024-04-08
2024-04-08,16:20:00,IMOEXF,YUR,-4580.0,5769.0,-10349.0,4,8,7027,146,2025-06-21T16:22:46+00:00,2024-04-08
2024-04-08,16:25:00,IMOEXF,FIZ,4580.0,26595.0,-22015.0,1272,544,7027,147,2025-06-21T16:22:46+00:00,2024-04-08
2024-04-08,16:25:00,IMOEXF,YUR,-4580.0,5769.0,-10349.0,4,8,7027,147,2025-06-21T16:22:46+00:00,2024-04-08
2024-04-08,16:30:00,IMOEXF,FIZ,4580.0,26588.0,-22008.0,1271,544,7027,148,2025-06-21T16:22:46+00:00,2024-04-08
2024-04-08,16:30:00,IMOEXF,YUR,-4580.0,5769.0,-10349.0,4,8,7027,148,2025-06-21T16:22:46+00:00,2024-04-08
2024-04-08,16:35:00,IMOEXF,FIZ,4580.0,26575.0,-21995.0,1271,543,7027,149,2025-06-21T16:22:46+00:00,2024-04-08
2024-04-08,16:35:00,IMOEXF,YUR,-4580.0,5769.0,-10349.0,4,8,7027,149,2025-06-21T16:22:46+00:00,2024-04-08
2024-04-08,16:40:00,IMOEXF,FIZ,4580.0,26575.0,-21995.0,1271,542,7027,150,2025-06-21T16:22:46+00:00,2024-04-08
2024-04-08,16:40:00,IMOEXF,YUR,-4580.0,5769.0,-10349.0,4,8,7027,150,2025-06-21T16:22:46+00:00,2024-04-08
2024-04-08,16:45:00,IMOEXF,FIZ,4579.0,26575.0,-21996.0,1272,542,7027,151,2025-06-21T16:22:46+00:00,2024-04-08
2024-04-08,16:45:00,IMOEXF,YUR,-4579.0,5770.0,-10349.0,5,8,7027,151,2025-06-21T16:22:46+00:00,2024-04-08
2024-04-08,16:50:00,IMOEXF,FIZ,4579.0,26583.0,-22004.0,1273,544,7027,152,2025-06-21T16:22:46+00:00,2024-04-08
2024-04-08,16:50:00,IMOEXF,YUR,-4579.0,5770.0,-10349.0,5,8,7027,152,2025-06-21T16:22:46+00:00,2024-04-08
2024-04-08,16:55:00,IMOEXF,FIZ,4579.0,26583.0,-22004.0,1273,544,7027,153,2025-06-21T16:22:46+00:00,2024-04-08
2024-04-08,16:55:00,IMOEXF,YUR,-4579.0,5770.0,-10349.0,5,8,7027,153,2025-06-21T16:22:46+00:00,2024-04-08
2024-04-08,17:00:00,IMOEXF,FIZ,4579.0,26583.0,-22004.0,1273,545,7027,154,2025-06-21T16:22:46+00:00,2024-04-08
2024-04-08,17:00:00,IMOEXF,YUR,-4579.0,5770.0,-10349.0,5,8,7027,154,2025-06-21T16:22:46+00:00,2024-04-08
2024-04-08,17:05:00,IMOEXF,FIZ,4579.0,26570.0,-21991.0,1272,544,7027,155,2025-06-21T16:22:46+00:00,2024-04-08
2024-04-08,17:05:00,IMOEXF,YUR,-4579.0,5770.0,-10349.0,5,8,7027,155,2025-06-21T16:22:46+00:00,2024-04-08
2024-04-08,17:10:00,IMOEXF,FIZ,4579.0,26563.0,-21984.0,1271,545,7027,156,2025-06-21T16:22:46+00:00,2024-04-08
2024-04-08,17:10:00,IMOEXF,YUR,-4579.0,5770.0,-10349.0,5,8,7027,156,2025-06-21T16:22:46+00:00,2024-04-08
2024-04-08,17:15:00,IMOEXF,FIZ,4601.0,26586.0,-21985.0,1274,544,7027,157,2025-06-21T16:22:46+00:00,2024-04-08
2024-04-08,17:15:00,IMOEXF,YUR,-4601.0,5769.0,-10370.0,4,8,7027,157,2025-06-21T16:22:46+00:00,2024-04-08
2024-04-08,17:20:00,IMOEXF,FIZ,4591.0,26586.0,-21995.0,1274,544,7027,158,2025-06-21T16:22:46+00:00,2024-04-08
2024-04-08,17:20:00,IMOEXF,YUR,-4591.0,5769.0,-10360.0,4,8,7027,158,2025-06-21T16:22:46+00:00,2024-04-08
2024-04-08,17:25:00,IMOEXF,FIZ,4591.0,26579.0,-21988.0,1273,545,7027,159,2025-06-21T16:22:46+00:00,2024-04-08
2024-04-08,17:25:00,IMOEXF,YUR,-4591.0,5769.0,-10360.0,4,8,7027,159,2025-06-21T16:22:46+00:00,2024-04-08
2024-04-08,17:30:00,IMOEXF,FIZ,4588.0,26582.0,-21994.0,1273,545,7027,160,2025-06-21T16:22:46+00:00,2024-04-08
2024-04-08,17:30:00,IMOEXF,YUR,-4588.0,5772.0,-10360.0,5,8,7027,160,2025-06-21T16:22:46+00:00,2024-04-08
2024-04-08,17:35:00,IMOEXF,FIZ,4587.0,26578.0,-21991.0,1273,545,7027,161,2025-06-21T16:22:46+00:00,2024-04-08
2024-04-08,17:35:00,IMOEXF,YUR,-4587.0,5772.0,-10359.0,5,8,7027,161,2025-06-21T16:22:46+00:00,2024-04-08
2024-04-08,17:40:00,IMOEXF,FIZ,4587.0,26581.0,-21994.0,1273,545,7027,162,2025-06-21T16:22:46+00:00,2024-04-08
2024-04-08,17:40:00,IMOEXF,YUR,-4587.0,5772.0,-10359.0,5,8,7027,162,2025-06-21T16:22:46+00:00,2024-04-08
2024-04-08,17:45:00,IMOEXF,FIZ,4587.0,26584.0,-21997.0,1273,545,7027,163,2025-06-21T16:22:46+00:00,2024-04-08
2024-04-08,17:45:00,IMOEXF,YUR,-4587.0,5772.0,-10359.0,5,8,7027,163,2025-06-21T16:22:46+00:00,2024-04-08
2024-04-08,17:50:00,IMOEXF,FIZ,4587.0,26587.0,-22000.0,1273,546,7027,164,2025-06-21T16:22:46+00:00,2024-04-08
2024-04-08,17:50:00,IMOEXF,YUR,-4587.0,5772.0,-10359.0,5,8,7027,164,2025-06-21T16:22:46+00:00,2024-04-08
2024-04-08,17:55:00,IMOEXF,FIZ,4579.0,26588.0,-22009.0,1273,546,7027,165,2025-06-21T16:22:46+00:00,2024-04-08
2024-04-08,17:55:00,IMOEXF,YUR,-4579.0,5772.0,-10351.0,5,8,7027,165,2025-06-21T16:22:46+00:00,2024-04-08
2024-04-08,18:00:00,IMOEXF,FIZ,4531.0,26572.0,-22041.0,1271,548,7027,166,2025-06-21T16:22:46+00:00,2024-04-08
2024-04-08,18:00:00,IMOEXF,YUR,-4531.0,5773.0,-10304.0,5,8,7027,166,2025-06-21T16:22:46+00:00,2024-04-08
2024-04-08,18:05:00,IMOEXF,FIZ,4503.0,26575.0,-22072.0,1271,548,7027,167,2025-06-21T16:22:46+00:00,2024-04-08
2024-04-08,18:05:00,IMOEXF,YUR,-4503.0,5774.0,-10277.0,5,8,7027,167,2025-06-21T16:22:46+00:00,2024-04-08
2024-04-08,18:10:00,IMOEXF,FIZ,4500.0,26576.0,-22076.0,1272,549,7027,168,2025-06-21T16:22:46+00:00,2024-04-08
2024-04-08,18:10:00,IMOEXF,YUR,-4500.0,5774.0,-10274.0,5,8,7027,168,2025-06-21T16:22:46+00:00,2024-04-08
2024-04-08,18:15:00,IMOEXF,FIZ,4496.0,26576.0,-22080.0,1270,550,7027,169,2025-06-21T16:22:46+00:00,2024-04-08
2024-04-08,18:15:00,IMOEXF,YUR,-4496.0,5774.0,-10270.0,5,8,7027,169,2025-06-21T16:22:46+00:00,2024-04-08
2024-04-08,18:20:00,IMOEXF,FIZ,4496.0,26576.0,-22080.0,1270,550,7027,170,2025-06-21T16:22:46+00:00,2024-04-08
2024-04-08,18:20:00,IMOEXF,YUR,-4496.0,5774.0,-10270.0,5,8,7027,170,2025-06-21T16:22:46+00:00,2024-04-08
2024-04-08,18:25:00,IMOEXF,FIZ,4480.0,26575.0,-22095.0,1269,549,7027,171,2025-06-21T16:22:46+00:00,2024-04-08
2024-04-08,18:25:00,IMOEXF,YUR,-4480.0,5774.0,-10254.0,5,8,7027,171,2025-06-21T16:22:46+00:00,2024-04-08
2024-04-08,18:30:00,IMOEXF,FIZ,4476.0,26575.0,-22099.0,1269,549,7027,172,2025-06-21T16:22:46+00:00,2024-04-08
2024-04-08,18:30:00,IMOEXF,YUR,-4476.0,5774.0,-10250.0,5,8,7027,172,2025-06-21T16:22:46+00:00,2024-04-08
2024-04-08,18:35:00,IMOEXF,FIZ,4504.0,26576.0,-22072.0,1271,547,7027,173,2025-06-21T16:22:46+00:00,2024-04-08
2024-04-08,18:35:00,IMOEXF,YUR,-4504.0,5774.0,-10278.0,5,9,7027,173,2025-06-21T16:22:46+00:00,2024-04-08
2024-04-08,18:40:00,IMOEXF,FIZ,4504.0,26576.0,-22072.0,1271,547,7027,174,2025-06-21T16:22:46+00:00,2024-04-08
2024-04-08,18:40:00,IMOEXF,YUR,-4504.0,5774.0,-10278.0,5,9,7027,174,2025-06-21T16:22:46+00:00,2024-04-08
2024-04-08,18:45:00,IMOEXF,FIZ,4504.0,26574.0,-22070.0,1270,547,7027,175,2025-06-21T16:22:46+00:00,2024-04-08
2024-04-08,18:45:00,IMOEXF,YUR,-4504.0,5774.0,-10278.0,5,9,7027,175,2025-06-21T16:22:46+00:00,2024-04-08
2024-04-08,19:05:00,IMOEXF,FIZ,4576.0,26655.0,-22079.0,1271,547,7028,1,2025-06-21T16:22:46+00:00,2024-04-08
2024-04-08,19:05:00,IMOEXF,YUR,-4576.0,5774.0,-10350.0,5,9,7028,1,2025-06-21T16:22:46+00:00,2024-04-08
2024-04-08,19:10:00,IMOEXF,FIZ,4576.0,26653.0,-22077.0,1270,547,7028,2,2025-06-21T16:22:46+00:00,2024-04-08
2024-04-08,19:10:00,IMOEXF,YUR,-4576.0,5774.0,-10350.0,5,9,7028,2,2025-06-21T16:22:46+00:00,2024-04-08
2024-04-08,19:15:00,IMOEXF,FIZ,4576.0,26653.0,-22077.0,1270,547,7028,3,2025-06-21T16:22:46+00:00,2024-04-08
2024-04-08,19:15:00,IMOEXF,YUR,-4576.0,5774.0,-10350.0,5,9,7028,3,2025-06-21T16:22:46+00:00,2024-04-08
2024-04-08,19:20:00,IMOEXF,FIZ,4576.0,26653.0,-22077.0,1270,547,7028,4,2025-06-21T16:22:46+00:00,2024-04-08
2024-04-08,19:20:00,IMOEXF,YUR,-4576.0,5774.0,-10350.0,5,9,7028,4,2025-06-21T16:22:46+00:00,2024-04-08
2024-04-08,19:25:00,IMOEXF,FIZ,4576.0,26649.0,-22073.0,1269,547,7028,5,2025-06-21T16:22:46+00:00,2024-04-08
2024-04-08,19:25:00,IMOEXF,YUR,-4576.0,5774.0,-10350.0,5,9,7028,5,2025-06-21T16:22:46+00:00,2024-04-08
2024-04-08,19:30:00,IMOEXF,FIZ,4579.0,26653.0,-22074.0,1269,547,7028,6,2025-06-21T16:22:46+00:00,2024-04-08
2024-04-08,19:30:00,IMOEXF,YUR,-4579.0,5774.0,-10353.0,5,9,7028,6,2025-06-21T16:22:46+00:00,2024-04-08
2024-04-08,19:35:00,IMOEXF,FIZ,4579.0,26655.0,-22076.0,1269,547,7028,7,2025-06-21T16:22:46+00:00,2024-04-08
2024-04-08,19:35:00,IMOEXF,YUR,-4579.0,5774.0,-10353.0,5,9,7028,7,2025-06-21T16:22:46+00:00,2024-04-08
2024-04-08,19:40:00,IMOEXF,FIZ,4585.0,26666.0,-22081.0,1271,547,7028,8,2025-06-21T16:22:46+00:00,2024-04-08
2024-04-08,19:40:00,IMOEXF,YUR,-4585.0,5774.0,-10359.0,5,9,7028,8,2025-06-21T16:22:46+00:00,2024-04-08
2024-04-08,19:45:00,IMOEXF,FIZ,4664.0,26696.0,-22032.0,1272,547,7028,9,2025-06-21T16:22:46+00:00,2024-04-08
2024-04-08,19:45:00,IMOEXF,YUR,-4664.0,5774.0,-10438.0,5,9,7028,9,2025-06-21T16:22:46+00:00,2024-04-08
2024-04-08,19:50:00,IMOEXF,FIZ,4585.0,26699.0,-22114.0,1273,547,7028,10,2025-06-21T16:22:46+00:00,2024-04-08
2024-04-08,19:50:00,IMOEXF,YUR,-4585.0,5774.0,-10359.0,5,9,7028,10,2025-06-21T16:22:46+00:00,2024-04-08
2024-04-08,19:55:00,IMOEXF,FIZ,4585.0,26699.0,-22114.0,1273,547,7028,11,2025-06-21T16:22:46+00:00,2024-04-08
2024-04-08,19:55:00,IMOEXF,YUR,-4585.0,5774.0,-10359.0,5,9,7028,11,2025-06-21T16:22:46+00:00,2024-04-08
2024-04-08,20:00:00,IMOEXF,FIZ,4574.0,26702.0,-22128.0,1274,546,7028,12,2025-06-21T16:22:46+00:00,2024-04-08
2024-04-08,20:00:00,IMOEXF,YUR,-4574.0,5774.0,-10348.0,5,8,7028,12,2025-06-21T16:22:46+00:00,2024-04-08
2024-04-08,20:05:00,IMOEXF,FIZ,4568.0,26717.0,-22149.0,1275,546,7028,13,2025-06-21T16:22:46+00:00,2024-04-08
2024-04-08,20:05:00,IMOEXF,YUR,-4568.0,5774.0,-10342.0,5,8,7028,13,2025-06-21T16:22:46+00:00,2024-04-08
2024-04-08,20:10:00,IMOEXF,FIZ,4566.0,26712.0,-22146.0,1275,546,7028,14,2025-06-21T16:22:46+00:00,2024-04-08
2024-04-08,20:10:00,IMOEXF,YUR,-4566.0,5774.0,-10340.0,5,8,7028,14,2025-06-21T16:22:46+00:00,2024-04-08
2024-04-08,20:15:00,IMOEXF,FIZ,4566.0,26726.0,-22160.0,1274,547,7028,15,2025-06-21T16:22:46+00:00,2024-04-08
2024-04-08,20:15:00,IMOEXF,YUR,-4566.0,5774.0,-10340.0,5,8,7028,15,2025-06-21T16:22:46+00:00,2024-04-08
2024-04-08,20:20:00,IMOEXF,FIZ,4567.0,26735.0,-22168.0,1275,549,7028,16,2025-06-21T16:22:46+00:00,2024-04-08
2024-04-08,20:20:00,IMOEXF,YUR,-4567.0,5774.0,-10341.0,5,8,7028,16,2025-06-21T16:22:46+00:00,2024-04-08
2024-04-08,20:25:00,IMOEXF,FIZ,4681.0,26729.0,-22048.0,1275,548,7028,17,2025-06-21T16:22:46+00:00,2024-04-08
2024-04-08,20:25:00,IMOEXF,YUR,-4681.0,5774.0,-10455.0,5,8,7028,17,2025-06-21T16:22:46+00:00,2024-04-08
2024-04-08,20:30:00,IMOEXF,FIZ,4681.0,26729.0,-22048.0,1275,548,7028,18,2025-06-21T16:22:46+00:00,2024-04-08
2024-04-08,20:30:00,IMOEXF,YUR,-4681.0,5774.0,-10455.0,5,8,7028,18,2025-06-21T16:22:46+00:00,2024-04-08
2024-04-08,20:35:00,IMOEXF,FIZ,4680.0,26728.0,-22048.0,1276,548,7028,19,2025-06-21T16:22:46+00:00,2024-04-08
2024-04-08,20:35:00,IMOEXF,YUR,-4680.0,5774.0,-10454.0,5,8,7028,19,2025-06-21T16:22:46+00:00,2024-04-08
2024-04-08,20:40:00,IMOEXF,FIZ,4681.0,26728.0,-22047.0,1276,547,7028,20,2025-06-21T16:22:46+00:00,2024-04-08
2024-04-08,20:40:00,IMOEXF,YUR,-4681.0,5774.0,-10455.0,5,8,7028,20,2025-06-21T16:22:46+00:00,2024-04-08
2024-04-08,20:45:00,IMOEXF,FIZ,4681.0,26724.0,-22043.0,1276,548,7028,21,2025-06-21T16:22:46+00:00,2024-04-08
2024-04-08,20:45:00,IMOEXF,YUR,-4681.0,5774.0,-10455.0,5,8,7028,21,2025-06-21T16:22:46+00:00,2024-04-08
2024-04-08,20:50:00,IMOEXF,FIZ,4682.0,26725.0,-22043.0,1277,548,7028,22,2025-06-21T16:22:46+00:00,2024-04-08
2024-04-08,20:50:00,IMOEXF,YUR,-4682.0,5774.0,-10456.0,5,8,7028,22,2025-06-21T16:22:46+00:00,2024-04-08
2024-04-08,20:55:00,IMOEXF,FIZ,4689.0,26732.0,-22043.0,1278,548,7028,23,2025-06-21T16:22:46+00:00,2024-04-08
2024-04-08,20:55:00,IMOEXF,YUR,-4689.0,5774.0,-10463.0,5,8,7028,23,2025-06-21T16:22:46+00:00,2024-04-08
2024-04-08,21:00:00,IMOEXF,FIZ,4699.0,26742.0,-22043.0,1279,548,7028,24,2025-06-21T16:22:46+00:00,2024-04-08
2024-04-08,21:00:00,IMOEXF,YUR,-4699.0,5774.0,-10473.0,5,8,7028,24,2025-06-21T16:22:46+00:00,2024-04-08
2024-04-08,21:05:00,IMOEXF,FIZ,4700.0,26743.0,-22043.0,1280,548,7028,25,2025-06-21T16:22:46+00:00,2024-04-08
2024-04-08,21:05:00,IMOEXF,YUR,-4700.0,5774.0,-10474.0,5,8,7028,25,2025-06-21T16:22:46+00:00,2024-04-08
2024-04-08,21:10:00,IMOEXF,FIZ,4699.0,26742.0,-22043.0,1281,548,7028,26,2025-06-21T16:22:46+00:00,2024-04-08
2024-04-08,21:10:00,IMOEXF,YUR,-4699.0,5774.0,-10473.0,5,8,7028,26,2025-06-21T16:22:46+00:00,2024-04-08
2024-04-08,21:15:00,IMOEXF,FIZ,4699.0,26739.0,-22040.0,1280,547,7028,27,2025-06-21T16:22:46+00:00,2024-04-08
2024-04-08,21:15:00,IMOEXF,YUR,-4699.0,5774.0,-10473.0,5,8,7028,27,2025-06-21T16:22:46+00:00,2024-04-08
2024-04-08,21:20:00,IMOEXF,FIZ,4699.0,26739.0,-22040.0,1280,547,7028,28,2025-06-21T16:22:46+00:00,2024-04-08
2024-04-08,21:20:00,IMOEXF,YUR,-4699.0,5774.0,-10473.0,5,8,7028,28,2025-06-21T16:22:46+00:00,2024-04-08
2024-04-08,21:25:00,IMOEXF,FIZ,4693.0,26729.0,-22036.0,1279,547,7028,29,2025-06-21T16:22:46+00:00,2024-04-08
2024-04-08,21:25:00,IMOEXF,YUR,-4693.0,5774.0,-10467.0,5,7,7028,29,2025-06-21T16:22:46+00:00,2024-04-08
2024-04-08,21:30:00,IMOEXF,FIZ,4694.0,26730.0,-22036.0,1279,547,7028,30,2025-06-21T16:22:46+00:00,2024-04-08
2024-04-08,21:30:00,IMOEXF,YUR,-4694.0,5774.0,-10468.0,5,7,7028,30,2025-06-21T16:22:46+00:00,2024-04-08
2024-04-08,21:35:00,IMOEXF,FIZ,4694.0,26720.0,-22026.0,1278,547,7028,31,2025-06-21T16:22:46+00:00,2024-04-08
2024-04-08,21:35:00,IMOEXF,YUR,-4694.0,5774.0,-10468.0,5,7,7028,31,2025-06-21T16:22:46+00:00,2024-04-08
2024-04-08,21:40:00,IMOEXF,FIZ,4694.0,26695.0,-22001.0,1279,547,7028,32,2025-06-21T16:22:46+00:00,2024-04-08
2024-04-08,21:40:00,IMOEXF,YUR,-4694.0,5774.0,-10468.0,5,7,7028,32,2025-06-21T16:22:46+00:00,2024-04-08
2024-04-08,21:45:00,IMOEXF,FIZ,4694.0,26680.0,-21986.0,1279,546,7028,33,2025-06-21T16:22:46+00:00,2024-04-08
2024-04-08,21:45:00,IMOEXF,YUR,-4694.0,5774.0,-10468.0,5,7,7028,33,2025-06-21T16:22:46+00:00,2024-04-08
2024-04-08,21:50:00,IMOEXF,FIZ,4694.0,26673.0,-21979.0,1281,545,7028,34,2025-06-21T16:22:46+00:00,2024-04-08
2024-04-08,21:50:00,IMOEXF,YUR,-4694.0,5774.0,-10468.0,5,7,7028,34,2025-06-21T16:22:46+00:00,2024-04-08
2024-04-08,21:55:00,IMOEXF,FIZ,4694.0,26673.0,-21979.0,1281,545,7028,35,2025-06-21T16:22:46+00:00,2024-04-08
2024-04-08,21:55:00,IMOEXF,YUR,-4694.0,5774.0,-10468.0,5,7,7028,35,2025-06-21T16:22:46+00:00,2024-04-08
2024-04-08,22:00:00,IMOEXF,FIZ,4693.0,26669.0,-21976.0,1278,547,7028,36,2025-06-21T16:22:46+00:00,2024-04-08
2024-04-08,22:00:00,IMOEXF,YUR,-4693.0,5775.0,-10468.0,5,7,7028,36,2025-06-21T16:22:46+00:00,2024-04-08
2024-04-08,22:05:00,IMOEXF,FIZ,4693.0,26662.0,-21969.0,1279,546,7028,37,2025-06-21T16:22:46+00:00,2024-04-08
2024-04-08,22:05:00,IMOEXF,YUR,-4693.0,5775.0,-10468.0,5,7,7028,37,2025-06-21T16:22:46+00:00,2024-04-08
2024-04-08,22:10:00,IMOEXF,FIZ,4693.0,26662.0,-21969.0,1279,546,7028,38,2025-06-21T16:22:46+00:00,2024-04-08
2024-04-08,22:10:00,IMOEXF,YUR,-4693.0,5775.0,-10468.0,5,7,7028,38,2025-06-21T16:22:46+00:00,2024-04-08
2024-04-08,22:15:00,IMOEXF,FIZ,4693.0,26646.0,-21953.0,1279,546,7028,39,2025-06-21T16:22:46+00:00,2024-04-08
2024-04-08,22:15:00,IMOEXF,YUR,-4693.0,5775.0,-10468.0,5,7,7028,39,2025-06-21T16:22:46+00:00,2024-04-08
2024-04-08,22:20:00,IMOEXF,FIZ,4693.0,26646.0,-21953.0,1278,546,7028,40,2025-06-21T16:22:46+00:00,2024-04-08
2024-04-08,22:20:00,IMOEXF,YUR,-4693.0,5775.0,-10468.0,5,7,7028,40,2025-06-21T16:22:46+00:00,2024-04-08
2024-04-08,22:25:00,IMOEXF,FIZ,4693.0,26647.0,-21954.0,1278,547,7028,41,2025-06-21T16:22:46+00:00,2024-04-08
2024-04-08,22:25:00,IMOEXF,YUR,-4693.0,5775.0,-10468.0,5,7,7028,41,2025-06-21T16:22:46+00:00,2024-04-08
2024-04-08,22:30:00,IMOEXF,FIZ,4693.0,26647.0,-21954.0,1279,547,7028,42,2025-06-21T16:22:46+00:00,2024-04-08
2024-04-08,22:30:00,IMOEXF,YUR,-4693.0,5775.0,-10468.0,5,7,7028,42,2025-06-21T16:22:46+00:00,2024-04-08
2024-04-08,22:35:00,IMOEXF,FIZ,4693.0,26640.0,-21947.0,1279,547,7028,43,2025-06-21T16:22:46+00:00,2024-04-08
2024-04-08,22:35:00,IMOEXF,YUR,-4693.0,5775.0,-10468.0,5,7,7028,43,2025-06-21T16:22:46+00:00,2024-04-08
2024-04-08,22:40:00,IMOEXF,FIZ,4693.0,26640.0,-21947.0,1279,547,7028,44,2025-06-21T16:22:46+00:00,2024-04-08
2024-04-08,22:40:00,IMOEXF,YUR,-4693.0,5775.0,-10468.0,5,7,7028,44,2025-06-21T16:22:46+00:00,2024-04-08
2024-04-08,22:45:00,IMOEXF,FIZ,4693.0,26638.0,-21945.0,1279,546,7028,45,2025-06-21T16:22:46+00:00,2024-04-08
2024-04-08,22:45:00,IMOEXF,YUR,-4693.0,5775.0,-10468.0,5,7,7028,45,2025-06-21T16:22:46+00:00,2024-04-08
2024-04-08,22:50:00,IMOEXF,FIZ,4693.0,26638.0,-21945.0,1278,546,7028,46,2025-06-21T16:22:46+00:00,2024-04-08
2024-04-08,22:50:00,IMOEXF,YUR,-4693.0,5775.0,-10468.0,5,7,7028,46,2025-06-21T16:22:46+00:00,2024-04-08
2024-04-08,22:55:00,IMOEXF,FIZ,4693.0,26630.0,-21937.0,1279,544,7028,47,2025-06-21T16:22:46+00:00,2024-04-08
2024-04-08,22:55:00,IMOEXF,YUR,-4693.0,5775.0,-10468.0,5,7,7028,47,2025-06-21T16:22:46+00:00,2024-04-08
2024-04-08,23:00:00,IMOEXF,FIZ,4693.0,26620.0,-21927.0,1278,544,7028,48,2025-06-21T16:22:46+00:00,2024-04-08
2024-04-08,23:00:00,IMOEXF,YUR,-4693.0,5775.0,-10468.0,5,7,7028,48,2025-06-21T16:22:46+00:00,2024-04-08
2024-04-08,23:05:00,IMOEXF,FIZ,4693.0,26506.0,-21813.0,1278,543,7028,49,2025-06-21T16:22:46+00:00,2024-04-08
2024-04-08,23:05:00,IMOEXF,YUR,-4693.0,5775.0,-10468.0,5,7,7028,49,2025-06-21T16:22:46+00:00,2024-04-08
2024-04-08,23:10:00,IMOEXF,FIZ,4693.0,26506.0,-21813.0,1278,544,7028,50,2025-06-21T16:22:46+00:00,2024-04-08
2024-04-08,23:10:00,IMOEXF,YUR,-4693.0,5775.0,-10468.0,5,7,7028,50,2025-06-21T16:22:46+00:00,2024-04-08
2024-04-08,23:15:00,IMOEXF,FIZ,4693.0,26500.0,-21807.0,1278,543,7028,51,2025-06-21T16:22:46+00:00,2024-04-08
2024-04-08,23:15:00,IMOEXF,YUR,-4693.0,5775.0,-10468.0,5,7,7028,51,2025-06-21T16:22:46+00:00,2024-04-08
2024-04-08,23:20:00,IMOEXF,FIZ,4693.0,26498.0,-21805.0,1277,543,7028,52,2025-06-21T16:22:46+00:00,2024-04-08
2024-04-08,23:20:00,IMOEXF,YUR,-4693.0,5775.0,-10468.0,5,7,7028,52,2025-06-21T16:22:46+00:00,2024-04-08
2024-04-08,23:25:00,IMOEXF,FIZ,4571.0,26381.0,-21810.0,1276,544,7028,53,2025-06-21T16:22:46+00:00,2024-04-08
2024-04-08,23:25:00,IMOEXF,YUR,-4571.0,5775.0,-10346.0,5,7,7028,53,2025-06-21T16:22:46+00:00,2024-04-08
2024-04-08,23:30:00,IMOEXF,FIZ,4571.0,26381.0,-21810.0,1276,544,7028,54,2025-06-21T16:22:46+00:00,2024-04-08
2024-04-08,23:30:00,IMOEXF,YUR,-4571.0,5775.0,-10346.0,5,7,7028,54,2025-06-21T16:22:46+00:00,2024-04-08
2024-04-08,23:35:00,IMOEXF,FIZ,4571.0,26381.0,-21810.0,1277,544,7028,55,2025-06-21T16:22:46+00:00,2024-04-08
2024-04-08,23:35:00,IMOEXF,YUR,-4571.0,5775.0,-10346.0,5,7,7028,55,2025-06-21T16:22:46+00:00,2024-04-08
2024-04-08,23:40:00,IMOEXF,FIZ,4571.0,26381.0,-21810.0,1277,544,7028,56,2025-06-21T16:22:46+00:00,2024-04-08
2024-04-08,23:40:00,IMOEXF,YUR,-4571.0,5775.0,-10346.0,5,7,7028,56,2025-06-21T16:22:46+00:00,2024-04-08
2024-04-08,23:45:00,IMOEXF,FIZ,4570.0,26381.0,-21811.0,1277,544,7028,57,2025-06-21T16:22:46+00:00,2024-04-08
2024-04-08,23:45:00,IMOEXF,YUR,-4570.0,5775.0,-10345.0,5,7,7028,57,2025-06-21T16:22:46+00:00,2024-04-08
2026-06-17,23:15:00,CNYRUBF,FIZ,4702592.0,5320638.0,-618046.0,13415,1281,7584,170,2026-06-17T23:15:11+00:00,2026-06-17
2026-06-17,23:15:00,CNYRUBF,YUR,-4702592.0,2988757.0,-7691349.0,121,49,7584,170,2026-06-17T23:15:11+00:00,2026-06-17
2026-06-17,23:15:00,CR,FIZ,6502581.0,7321800.0,-819219.0,19972,2602,7584,170,2026-06-17T23:15:11+00:00,2026-06-17
2026-06-17,23:15:00,CR,YUR,-6502581.0,19557099.0,-26059680.0,319,93,7584,170,2026-06-17T23:15:11+00:00,2026-06-17
2026-06-17,23:15:00,DX,FIZ,-1154.0,4326.0,-5480.0,82,186,7584,170,2026-06-17T23:15:11+00:00,2026-06-17
2026-06-17,23:15:00,DX,YUR,1154.0,1154.0,0.0,3,0,7584,170,2026-06-17T23:15:11+00:00,2026-06-17
2026-06-17,23:15:00,ED,FIZ,54877.0,111243.0,-56366.0,723,485,7584,170,2026-06-17T23:15:11+00:00,2026-06-17
2026-06-17,23:15:00,ED,YUR,-54877.0,409829.0,-464706.0,50,36,7584,170,2026-06-17T23:15:11+00:00,2026-06-17
2026-06-17,23:15:00,EU,FIZ,117188.0,128762.0,-11574.0,1798,176,7584,170,2026-06-17T23:15:11+00:00,2026-06-17
2026-06-17,23:15:00,EU,YUR,-117188.0,1004244.0,-1121432.0,112,66,7584,170,2026-06-17T23:15:11+00:00,2026-06-17
2026-06-17,23:15:00,EURRUBF,FIZ,15810.0,28474.0,-12664.0,1085,217,7584,170,2026-06-17T23:15:11+00:00,2026-06-17
2026-06-17,23:15:00,EURRUBF,YUR,-15810.0,30443.0,-46253.0,34,25,7584,170,2026-06-17T23:15:11+00:00,2026-06-17
2026-06-17,23:15:00,FF,FIZ,30172.0,42464.0,-12292.0,826,205,7584,170,2026-06-17T23:15:11+00:00,2026-06-17
2026-06-17,23:15:00,FF,YUR,-30172.0,76.0,-30248.0,2,1,7584,170,2026-06-17T23:15:11+00:00,2026-06-17
2026-06-17,23:15:00,GAZPF,FIZ,202967.0,213167.0,-10200.0,2487,315,7584,170,2026-06-17T23:15:11+00:00,2026-06-17
2026-06-17,23:15:00,GAZPF,YUR,-202967.0,6552.0,-209519.0,11,22,7584,170,2026-06-17T23:15:11+00:00,2026-06-17
2026-06-17,23:15:00,GD,FIZ,88912.0,112275.0,-23363.0,4414,1602,7584,170,2026-06-17T23:15:11+00:00,2026-06-17
2026-06-17,23:15:00,GD,YUR,-88912.0,120506.0,-209418.0,100,71,7584,170,2026-06-17T23:15:11+00:00,2026-06-17
2026-06-17,23:15:00,GK,FIZ,107092.0,238102.0,-131010.0,1468,602,7584,170,2026-06-17T23:15:11+00:00,2026-06-17
2026-06-17,23:15:00,GK,YUR,-107092.0,269165.0,-376257.0,10,29,7584,170,2026-06-17T23:15:11+00:00,2026-06-17
2026-06-17,23:15:00,GL,FIZ,225653.0,241872.0,-16219.0,2492,350,7584,170,2026-06-17T23:15:11+00:00,2026-06-17
2026-06-17,23:15:00,GL,YUR,-225653.0,778673.0,-1004326.0,48,26,7584,170,2026-06-17T23:15:11+00:00,2026-06-17
2026-06-17,23:15:00,GLDRUBF,FIZ,411147.0,505613.0,-94466.0,5963,1236,7584,170,2026-06-17T23:15:11+00:00,2026-06-17
2026-06-17,23:15:00,GLDRUBF,YUR,-411147.0,200449.0,-611596.0,30,38,7584,170,2026-06-17T23:15:11+00:00,2026-06-17
2026-06-17,23:15:00,GZ,FIZ,389997.0,435369.0,-45372.0,4285,950,7584,170,2026-06-17T23:15:11+00:00,2026-06-17
2026-06-17,23:15:00,GZ,YUR,-389997.0,304196.0,-694193.0,38,47,7584,170,2026-06-17T23:15:11+00:00,2026-06-17
2026-06-17,23:15:00,HS,FIZ,-24048.0,22225.0,-46273.0,246,79,7584,170,2026-06-17T23:15:11+00:00,2026-06-17
2026-06-17,23:15:00,HS,YUR,24048.0,36318.0,-12270.0,3,2,7584,170,2026-06-17T23:15:11+00:00,2026-06-17
2026-06-17,23:15:00,HY,FIZ,6273.0,9970.0,-3697.0,187,82,7584,170,2026-06-17T23:15:11+00:00,2026-06-17
2026-06-17,23:15:00,HY,YUR,-6273.0,9818.0,-16091.0,5,11,7584,170,2026-06-17T23:15:11+00:00,2026-06-17
2026-06-17,23:15:00,IB,FIZ,267965.0,398507.0,-130542.0,1870,346,7584,170,2026-06-17T23:15:11+00:00,2026-06-17
2026-06-17,23:15:00,IB,YUR,-267965.0,158799.0,-426764.0,12,13,7584,170,2026-06-17T23:15:11+00:00,2026-06-17
2026-06-17,23:15:00,IMOEXF,FIZ,408990.0,740316.0,-331326.0,10479,2568,7584,170,2026-06-17T23:15:11+00:00,2026-06-17
2026-06-17,23:15:00,IMOEXF,YUR,-408990.0,59264.0,-468254.0,46,43,7584,170,2026-06-17T23:15:11+00:00,2026-06-17
2026-06-17,23:15:00,KC,FIZ,-6473.0,147898.0,-154371.0,1268,720,7584,170,2026-06-17T23:15:11+00:00,2026-06-17
2026-06-17,23:15:00,KC,YUR,6473.0,9393.0,-2920.0,8,5,7584,170,2026-06-17T23:15:11+00:00,2026-06-17
2026-06-17,23:15:00,LK,FIZ,9803.0,16427.0,-6624.0,978,442,7584,170,2026-06-17T23:15:11+00:00,2026-06-17
2026-06-17,23:15:00,LK,YUR,-9803.0,147321.0,-157124.0,19,38,7584,170,2026-06-17T23:15:11+00:00,2026-06-17
2026-06-17,23:15:00,MC,FIZ,-7040.0,14993.0,-22033.0,407,222,7584,170,2026-06-17T23:15:11+00:00,2026-06-17
2026-06-17,23:15:00,MC,YUR,7040.0,13959.0,-6919.0,9,8,7584,170,2026-06-17T23:15:11+00:00,2026-06-17
2026-06-17,23:15:00,ME,FIZ,6044.0,8766.0,-2722.0,404,148,7584,170,2026-06-17T23:15:11+00:00,2026-06-17
2026-06-17,23:15:00,ME,YUR,-6044.0,21962.0,-28006.0,10,25,7584,170,2026-06-17T23:15:11+00:00,2026-06-17
2026-06-17,23:15:00,MG,FIZ,13104.0,14886.0,-1782.0,864,149,7584,170,2026-06-17T23:15:11+00:00,2026-06-17
2026-06-17,23:15:00,MG,YUR,-13104.0,9050.0,-22154.0,15,22,7584,170,2026-06-17T23:15:11+00:00,2026-06-17
2026-06-17,23:15:00,MM,FIZ,69693.0,187317.0,-117624.0,8182,1841,7584,170,2026-06-17T23:15:11+00:00,2026-06-17
2026-06-17,23:15:00,MM,YUR,-69693.0,17296.0,-86989.0,25,34,7584,170,2026-06-17T23:15:11+00:00,2026-06-17
2026-06-17,23:15:00,MN,FIZ,100331.0,146650.0,-46319.0,1113,368,7584,170,2026-06-17T23:15:11+00:00,2026-06-17
2026-06-17,23:15:00,MN,YUR,-100331.0,32310.0,-132641.0,10,31,7584,170,2026-06-17T23:15:11+00:00,2026-06-17
2026-06-17,23:15:00,MX,FIZ,101781.0,132939.0,-31158.0,4769,1500,7584,170,2026-06-17T23:15:11+00:00,2026-06-17
2026-06-17,23:15:00,MX,YUR,-101781.0,66589.0,-168370.0,76,80,7584,170,2026-06-17T23:15:11+00:00,2026-06-17
2026-06-17,23:15:00,MY,FIZ,-16.0,635.0,-651.0,64,26,7584,170,2026-06-17T23:15:11+00:00,2026-06-17
2026-06-17,23:15:00,MY,YUR,16.0,16.0,0.0,1,0,7584,170,2026-06-17T23:15:11+00:00,2026-06-17
2026-06-17,23:15:00,NA,FIZ,-164721.0,273647.0,-438368.0,1922,3901,7584,170,2026-06-17T23:15:11+00:00,2026-06-17
2026-06-17,23:15:00,NA,YUR,164721.0,370827.0,-206106.0,50,38,7584,170,2026-06-17T23:15:11+00:00,2026-06-17
2026-06-17,23:15:00,NG,FIZ,58967.0,171748.0,-112781.0,5019,3805,7584,170,2026-06-17T23:15:11+00:00,2026-06-17
2026-06-17,23:15:00,NG,YUR,-58967.0,92073.0,-151040.0,40,50,7584,170,2026-06-17T23:15:11+00:00,2026-06-17
2026-06-17,23:15:00,NM,FIZ,38327.0,42308.0,-3981.0,739,173,7584,170,2026-06-17T23:15:11+00:00,2026-06-17
2026-06-17,23:15:00,NM,YUR,-38327.0,7820.0,-46147.0,7,25,7584,170,2026-06-17T23:15:11+00:00,2026-06-17
2026-06-17,23:15:00,NR,FIZ,330311.0,860187.0,-529876.0,3285,1474,7584,170,2026-06-17T23:15:11+00:00,2026-06-17
2026-06-17,23:15:00,NR,YUR,-330311.0,55255.0,-385566.0,6,17,7584,170,2026-06-17T23:15:11+00:00,2026-06-17
2026-06-17,23:15:00,OJ,FIZ,3671.0,19707.0,-16036.0,909,214,7584,170,2026-06-17T23:15:11+00:00,2026-06-17
2026-06-17,23:15:00,OJ,YUR,-3671.0,100.0,-3771.0,2,2,7584,170,2026-06-17T23:15:11+00:00,2026-06-17
2026-06-17,23:15:00,PD,FIZ,14133.0,20021.0,-5888.0,1767,260,7584,170,2026-06-17T23:15:11+00:00,2026-06-17
2026-06-17,23:15:00,PD,YUR,-14133.0,10920.0,-25053.0,20,27,7584,170,2026-06-17T23:15:11+00:00,2026-06-17
2026-06-17,23:15:00,PT,FIZ,2565.0,7687.0,-5122.0,1177,213,7584,170,2026-06-17T23:15:11+00:00,2026-06-17
2026-06-17,23:15:00,PT,YUR,-2565.0,16991.0,-19556.0,18,28,7584,170,2026-06-17T23:15:11+00:00,2026-06-17
2026-06-17,23:15:00,RB,FIZ,456822.0,535607.0,-78785.0,2685,506,7584,170,2026-06-17T23:15:11+00:00,2026-06-17
2026-06-17,23:15:00,RB,YUR,-456822.0,141072.0,-597894.0,19,15,7584,170,2026-06-17T23:15:11+00:00,2026-06-17
2026-06-17,23:15:00,RI,FIZ,8307.0,25104.0,-16797.0,1407,945,7584,170,2026-06-17T23:15:11+00:00,2026-06-17
2026-06-17,23:15:00,RI,YUR,-8307.0,11607.0,-19914.0,31,49,7584,170,2026-06-17T23:15:11+00:00,2026-06-17
2026-06-17,23:15:00,RL,FIZ,153.0,32504.0,-32351.0,565,171,7584,170,2026-06-17T23:15:11+00:00,2026-06-17
2026-06-17,23:15:00,RL,YUR,-153.0,42699.0,-42852.0,14,15,7584,170,2026-06-17T23:15:11+00:00,2026-06-17
2026-06-17,23:15:00,RM,FIZ,891.0,7160.0,-6269.0,471,382,7584,170,2026-06-17T23:15:11+00:00,2026-06-17
2026-06-17,23:15:00,RM,YUR,-891.0,907.0,-1798.0,6,8,7584,170,2026-06-17T23:15:11+00:00,2026-06-17
2026-06-17,23:15:00,RN,FIZ,17633.0,20524.0,-2891.0,1026,319,7584,170,2026-06-17T23:15:11+00:00,2026-06-17
2026-06-17,23:15:00,RN,YUR,-17633.0,6275.0,-23908.0,17,17,7584,170,2026-06-17T23:15:11+00:00,2026-06-17
2026-06-17,23:15:00,SBERF,FIZ,48218.0,66283.0,-18065.0,1359,506,7584,170,2026-06-17T23:15:11+00:00,2026-06-17
2026-06-17,23:15:00,SBERF,YUR,-48218.0,44032.0,-92250.0,20,19,7584,170,2026-06-17T23:15:11+00:00,2026-06-17
2026-06-17,23:15:00,SE,FIZ,16691.0,20879.0,-4188.0,144,47,7584,170,2026-06-17T23:15:11+00:00,2026-06-17
2026-06-17,23:15:00,SE,YUR,-16691.0,10434.0,-27125.0,7,17,7584,170,2026-06-17T23:15:11+00:00,2026-06-17
2026-06-17,23:15:00,SF,FIZ,18887.0,158614.0,-139727.0,1462,3720,7584,170,2026-06-17T23:15:11+00:00,2026-06-17
2026-06-17,23:15:00,SF,YUR,-18887.0,128412.0,-147299.0,47,28,7584,170,2026-06-17T23:15:11+00:00,2026-06-17
2026-06-17,23:15:00,SI,FIZ,1847341.0,2018459.0,-171118.0,18354,2258,7584,170,2026-06-17T23:15:11+00:00,2026-06-17
2026-06-17,23:15:00,SI,YUR,-1847341.0,4631205.0,-6478546.0,437,170,7584,170,2026-06-17T23:15:11+00:00,2026-06-17
2026-06-17,23:15:00,SN,FIZ,16309.0,18219.0,-1910.0,426,78,7584,170,2026-06-17T23:15:11+00:00,2026-06-17
2026-06-17,23:15:00,SN,YUR,-16309.0,7504.0,-23813.0,17,15,7584,170,2026-06-17T23:15:11+00:00,2026-06-17
2026-06-17,23:15:00,SP,FIZ,8606.0,9947.0,-1341.0,413,110,7584,170,2026-06-17T23:15:11+00:00,2026-06-17
2026-06-17,23:15:00,SP,YUR,-8606.0,4063.0,-12669.0,13,18,7584,170,2026-06-17T23:15:11+00:00,2026-06-17
2026-06-17,23:15:00,SR,FIZ,133639.0,175084.0,-41445.0,3024,1017,7584,170,2026-06-17T23:15:11+00:00,2026-06-17
2026-06-17,23:15:00,SR,YUR,-133639.0,129010.0,-262649.0,45,46,7584,170,2026-06-17T23:15:11+00:00,2026-06-17
2026-06-17,23:15:00,SS,FIZ,28548.0,791506.0,-762958.0,1767,820,7584,170,2026-06-17T23:15:11+00:00,2026-06-17
2026-06-17,23:15:00,SS,YUR,-28548.0,563775.0,-592323.0,14,15,7584,170,2026-06-17T23:15:11+00:00,2026-06-17
2026-06-17,23:15:00,SV,FIZ,98978.0,176963.0,-77985.0,6223,2685,7584,170,2026-06-17T23:15:11+00:00,2026-06-17
2026-06-17,23:15:00,SV,YUR,-98978.0,99589.0,-198567.0,71,63,7584,170,2026-06-17T23:15:11+00:00,2026-06-17
2026-06-17,23:15:00,TN,FIZ,105560.0,129983.0,-24423.0,539,105,7584,170,2026-06-17T23:15:11+00:00,2026-06-17
2026-06-17,23:15:00,TN,YUR,-105560.0,4732.0,-110292.0,7,12,7584,170,2026-06-17T23:15:11+00:00,2026-06-17
2026-06-17,23:15:00,TT,FIZ,1040.0,2450.0,-1410.0,196,147,7584,170,2026-06-17T23:15:11+00:00,2026-06-17
2026-06-17,23:15:00,TT,YUR,-1040.0,1377.0,-2417.0,8,14,7584,170,2026-06-17T23:15:11+00:00,2026-06-17
2026-06-17,23:15:00,UC,FIZ,-28343.0,5107.0,-33450.0,73,70,7584,170,2026-06-17T23:15:11+00:00,2026-06-17
2026-06-17,23:15:00,UC,YUR,28343.0,174996.0,-146653.0,17,34,7584,170,2026-06-17T23:15:11+00:00,2026-06-17
2026-06-17,23:15:00,USDRUBF,FIZ,316286.0,617561.0,-301275.0,12599,1275,7584,170,2026-06-17T23:15:11+00:00,2026-06-17
2026-06-17,23:15:00,USDRUBF,YUR,-316286.0,136672.0,-452958.0,103,66,7584,170,2026-06-17T23:15:11+00:00,2026-06-17
2026-06-17,23:15:00,VB,FIZ,356730.0,403088.0,-46358.0,2215,746,7584,170,2026-06-17T23:15:11+00:00,2026-06-17
2026-06-17,23:15:00,VB,YUR,-356730.0,254121.0,-610851.0,30,24,7584,170,2026-06-17T23:15:11+00:00,2026-06-17
2026-06-17,23:15:00,VI,FIZ,0.0,646.0,-646.0,27,16,7584,170,2026-06-17T23:15:11+00:00,2026-06-17
2026-06-17,23:15:00,W4,FIZ,7392.0,13920.0,-6528.0,752,83,7584,170,2026-06-17T23:15:11+00:00,2026-06-17
2026-06-17,23:15:00,W4,YUR,-7392.0,2675.0,-10067.0,6,5,7584,170,2026-06-17T23:15:11+00:00,2026-06-17
2026-06-17,23:15:00,X5,FIZ,164779.0,200186.0,-35407.0,1285,246,7584,170,2026-06-17T23:15:11+00:00,2026-06-17
2026-06-17,23:15:00,X5,YUR,-164779.0,201515.0,-366294.0,14,13,7584,170,2026-06-17T23:15:11+00:00,2026-06-17
2026-06-17,23:15:00,YD,FIZ,234100.0,251087.0,-16987.0,1710,289,7584,170,2026-06-17T23:15:11+00:00,2026-06-17
2026-06-17,23:15:00,YD,YUR,-234100.0,195350.0,-429450.0,16,37,7584,170,2026-06-17T23:15:11+00:00,2026-06-17
2026-06-17,23:20:00,AF,FIZ,49537.0,75013.0,-25476.0,914,383,7584,171,2026-06-17T23:20:11+00:00,2026-06-17
2026-06-17,23:20:00,AF,YUR,-49537.0,40470.0,-90007.0,13,14,7584,171,2026-06-17T23:20:11+00:00,2026-06-17
2026-06-17,23:20:00,AL,FIZ,46714.0,83473.0,-36759.0,1014,459,7584,171,2026-06-17T23:20:11+00:00,2026-06-17
2026-06-17,23:20:00,AL,YUR,-46714.0,39889.0,-86603.0,13,19,7584,171,2026-06-17T23:20:11+00:00,2026-06-17
2026-06-17,23:20:00,AU,FIZ,-1.0,1.0,-2.0,1,2,7584,171,2026-06-17T23:20:11+00:00,2026-06-17
2026-06-17,23:20:00,AU,YUR,1.0,1.0,0.0,1,0,7584,171,2026-06-17T23:20:11+00:00,2026-06-17
2026-06-17,23:20:00,BM,FIZ,54100.0,152876.0,-98776.0,5171,1704,7584,171,2026-06-17T23:20:11+00:00,2026-06-17
2026-06-17,23:20:00,BM,YUR,-54100.0,10781.0,-64881.0,13,18,7584,171,2026-06-17T23:20:11+00:00,2026-06-17
2026-06-17,23:20:00,BR,FIZ,120461.0,292277.0,-171816.0,8966,3320,7584,171,2026-06-17T23:20:11+00:00,2026-06-17
2026-06-17,23:20:00,BR,YUR,-120461.0,101772.0,-222233.0,82,50,7584,171,2026-06-17T23:20:11+00:00,2026-06-17
2026-06-17,23:20:00,CC,FIZ,-3202.0,411728.0,-414930.0,3574,2589,7584,171,2026-06-17T23:20:11+00:00,2026-06-17
2026-06-17,23:20:00,CC,YUR,3202.0,31028.0,-27826.0,6,21,7584,171,2026-06-17T23:20:11+00:00,2026-06-17
2026-06-17,23:20:00,CE,FIZ,36260.0,47683.0,-11423.0,946,221,7584,171,2026-06-17T23:20:11+00:00,2026-06-17
2026-06-17,23:20:00,CE,YUR,-36260.0,12509.0,-48769.0,9,3,7584,171,2026-06-17T23:20:11+00:00,2026-06-17
2026-06-17,23:20:00,CH,FIZ,1272.0,1387.0,-115.0,188,25,7584,171,2026-06-17T23:20:11+00:00,2026-06-17
2026-06-17,23:20:00,CH,YUR,-1272.0,1155.0,-2427.0,6,13,7584,171,2026-06-17T23:20:11+00:00,2026-06-17
2026-06-17,23:20:00,CNYRUBF,FIZ,4702905.0,5320964.0,-618059.0,13415,1282,7584,171,2026-06-17T23:20:11+00:00,2026-06-17
2026-06-17,23:20:00,CNYRUBF,YUR,-4702905.0,2988244.0,-7691149.0,121,49,7584,171,2026-06-17T23:20:11+00:00,2026-06-17
2026-06-17,23:20:00,CR,FIZ,6503629.0,7322441.0,-818812.0,19972,2602,7584,171,2026-06-17T23:20:11+00:00,2026-06-17
2026-06-17,23:20:00,CR,YUR,-6503629.0,19556195.0,-26059824.0,318,94,7584,171,2026-06-17T23:20:11+00:00,2026-06-17
2026-06-17,23:20:00,DX,FIZ,-1154.0,4326.0,-5480.0,82,186,7584,171,2026-06-17T23:20:11+00:00,2026-06-17
2026-06-17,23:20:00,DX,YUR,1154.0,1154.0,0.0,3,0,7584,171,2026-06-17T23:20:11+00:00,2026-06-17
2026-06-17,23:20:00,ED,FIZ,54620.0,111078.0,-56458.0,722,485,7584,171,2026-06-17T23:20:11+00:00,2026-06-17
2026-06-17,23:20:00,ED,YUR,-54620.0,409973.0,-464593.0,50,37,7584,171,2026-06-17T23:20:11+00:00,2026-06-17
2026-06-17,23:20:00,EU,FIZ,117189.0,128751.0,-11562.0,1797,176,7584,171,2026-06-17T23:20:11+00:00,2026-06-17
2026-06-17,23:20:00,EU,YUR,-117189.0,1004272.0,-1121461.0,113,65,7584,171,2026-06-17T23:20:11+00:00,2026-06-17
2026-06-17,23:20:00,EURRUBF,FIZ,15795.0,28449.0,-12654.0,1085,216,7584,171,2026-06-17T23:20:11+00:00,2026-06-17
2026-06-17,23:20:00,EURRUBF,YUR,-15795.0,30483.0,-46278.0,35,24,7584,171,2026-06-17T23:20:11+00:00,2026-06-17
2026-06-17,23:20:00,FF,FIZ,30171.0,42246.0,-12075.0,824,205,7584,171,2026-06-17T23:20:11+00:00,2026-06-17
2026-06-17,23:20:00,FF,YUR,-30171.0,77.0,-30248.0,2,1,7584,171,2026-06-17T23:20:11+00:00,2026-06-17
2026-06-17,23:20:00,GAZPF,FIZ,202970.0,213171.0,-10201.0,2486,315,7584,171,2026-06-17T23:20:11+00:00,2026-06-17
2026-06-17,23:20:00,GAZPF,YUR,-202970.0,6552.0,-209522.0,11,21,7584,171,2026-06-17T23:20:11+00:00,2026-06-17
2026-06-17,23:20:00,GD,FIZ,88403.0,111816.0,-23413.0,4402,1598,7584,171,2026-06-17T23:20:11+00:00,2026-06-17
2026-06-17,23:20:00,GD,YUR,-88403.0,121009.0,-209412.0,107,67,7584,171,2026-06-17T23:20:11+00:00,2026-06-17
2026-06-17,23:20:00,GK,FIZ,107182.0,238245.0,-131063.0,1468,602,7584,171,2026-06-17T23:20:11+00:00,2026-06-17
2026-06-17,23:20:00,GK,YUR,-107182.0,269073.0,-376255.0,10,29,7584,171,2026-06-17T23:20:11+00:00,2026-06-17
2026-06-17,23:20:00,GL,FIZ,225645.0,241849.0,-16204.0,2491,348,7584,171,2026-06-17T23:20:11+00:00,2026-06-17
2026-06-17,23:20:00,GL,YUR,-225645.0,778690.0,-1004335.0,48,26,7584,171,2026-06-17T23:20:11+00:00,2026-06-17
2026-06-17,23:20:00,GLDRUBF,FIZ,410995.0,505182.0,-94187.0,5961,1238,7584,171,2026-06-17T23:20:11+00:00,2026-06-17
2026-06-17,23:20:00,GLDRUBF,YUR,-410995.0,200787.0,-611782.0,30,39,7584,171,2026-06-17T23:20:11+00:00,2026-06-17
2026-06-17,23:20:00,GZ,FIZ,389996.0,435372.0,-45376.0,4286,951,7584,171,2026-06-17T23:20:11+00:00,2026-06-17
2026-06-17,23:20:00,GZ,YUR,-389996.0,304196.0,-694192.0,38,46,7584,171,2026-06-17T23:20:11+00:00,2026-06-17
2026-06-17,23:20:00,HS,FIZ,-24048.0,22225.0,-46273.0,246,79,7584,171,2026-06-17T23:20:11+00:00,2026-06-17
2026-06-17,23:20:00,HS,YUR,24048.0,36318.0,-12270.0,3,2,7584,171,2026-06-17T23:20:11+00:00,2026-06-17
2026-06-17,23:20:00,HY,FIZ,6273.0,9970.0,-3697.0,187,82,7584,171,2026-06-17T23:20:11+00:00,2026-06-17
2026-06-17,23:20:00,HY,YUR,-6273.0,9818.0,-16091.0,5,11,7584,171,2026-06-17T23:20:11+00:00,2026-06-17
2026-06-17,23:20:00,IB,FIZ,266911.0,397440.0,-130529.0,1871,346,7584,171,2026-06-17T23:20:11+00:00,2026-06-17
2026-06-17,23:20:00,IB,YUR,-266911.0,158799.0,-425710.0,12,13,7584,171,2026-06-17T23:20:11+00:00,2026-06-17
2026-06-17,23:20:00,IMOEXF,FIZ,410597.0,741947.0,-331350.0,10479,2571,7584,171,2026-06-17T23:20:11+00:00,2026-06-17
2026-06-17,23:20:00,IMOEXF,YUR,-410597.0,58919.0,-469516.0,46,44,7584,171,2026-06-17T23:20:11+00:00,2026-06-17
2026-06-17,23:20:00,KC,FIZ,-6441.0,147786.0,-154227.0,1267,720,7584,171,2026-06-17T23:20:11+00:00,2026-06-17
2026-06-17,23:20:00,KC,YUR,6441.0,9371.0,-2930.0,8,6,7584,171,2026-06-17T23:20:11+00:00,2026-06-17
2026-06-17,23:20:00,LK,FIZ,9805.0,16429.0,-6624.0,979,442,7584,171,2026-06-17T23:20:11+00:00,2026-06-17
2026-06-17,23:20:00,LK,YUR,-9805.0,147323.0,-157128.0,19,38,7584,171,2026-06-17T23:20:11+00:00,2026-06-17
2026-06-17,23:20:00,MC,FIZ,-7037.0,14996.0,-22033.0,408,222,7584,171,2026-06-17T23:20:11+00:00,2026-06-17
2026-06-17,23:20:00,MC,YUR,7037.0,13956.0,-6919.0,9,8,7584,171,2026-06-17T23:20:11+00:00,2026-06-17
2026-06-17,23:20:00,ME,FIZ,6044.0,8738.0,-2694.0,403,147,7584,171,2026-06-17T23:20:11+00:00,2026-06-17
2026-06-17,23:20:00,ME,YUR,-6044.0,21962.0,-28006.0,10,25,7584,171,2026-06-17T23:20:11+00:00,2026-06-17
2026-06-17,23:20:00,MG,FIZ,13104.0,14864.0,-1760.0,864,149,7584,171,2026-06-17T23:20:11+00:00,2026-06-17
2026-06-17,23:20:00,MG,YUR,-13104.0,9050.0,-22154.0,15,22,7584,171,2026-06-17T23:20:11+00:00,2026-06-17
2026-06-17,23:20:00,MM,FIZ,69463.0,187183.0,-117720.0,8183,1844,7584,171,2026-06-17T23:20:11+00:00,2026-06-17
2026-06-17,23:20:00,MM,YUR,-69463.0,17645.0,-87108.0,26,33,7584,171,2026-06-17T23:20:11+00:00,2026-06-17
2026-06-17,23:20:00,MN,FIZ,100345.0,146664.0,-46319.0,1112,368,7584,171,2026-06-17T23:20:11+00:00,2026-06-17
2026-06-17,23:20:00,MN,YUR,-100345.0,32509.0,-132854.0,10,31,7584,171,2026-06-17T23:20:11+00:00,2026-06-17
2026-06-17,23:20:00,MX,FIZ,101709.0,133228.0,-31519.0,4767,1502,7584,171,2026-06-17T23:20:11+00:00,2026-06-17
2026-06-17,23:20:00,MX,YUR,-101709.0,66702.0,-168411.0,78,79,7584,171,2026-06-17T23:20:11+00:00,2026-06-17
2026-06-17,23:20:00,MY,FIZ,-16.0,635.0,-651.0,64,26,7584,171,2026-06-17T23:20:11+00:00,2026-06-17
2026-06-17,23:20:00,MY,YUR,16.0,16.0,0.0,1,0,7584,171,2026-06-17T23:20:11+00:00,2026-06-17
2026-06-17,23:20:00,NA,FIZ,-164959.0,273428.0,-438387.0,1918,3892,7584,171,2026-06-17T23:20:11+00:00,2026-06-17
2026-06-17,23:20:00,NA,YUR,164865.0,370885.0,-206020.0,50,38,7584,171,2026-06-17T23:20:11+00:00,2026-06-17
2026-06-17,23:20:00,NG,FIZ,58728.0,171370.0,-112642.0,5010,3803,7584,171,2026-06-17T23:20:11+00:00,2026-06-17
2026-06-17,23:20:00,NG,YUR,-58728.0,92224.0,-150952.0,40,49,7584,171,2026-06-17T23:20:11+00:00,2026-06-17
2026-06-17,23:20:00,NM,FIZ,38327.0,42307.0,-3980.0,739,173,7584,171,2026-06-17T23:20:11+00:00,2026-06-17
2026-06-17,23:20:00,NM,YUR,-38327.0,7820.0,-46147.0,7,25,7584,171,2026-06-17T23:20:11+00:00,2026-06-17
2026-06-17,23:20:00,NR,FIZ,331105.0,860373.0,-529268.0,3283,1477,7584,171,2026-06-17T23:20:11+00:00,2026-06-17
2026-06-17,23:20:00,NR,YUR,-331105.0,55255.0,-386360.0,6,17,7584,171,2026-06-17T23:20:11+00:00,2026-06-17
2026-06-17,23:20:00,OJ,FIZ,3672.0,19712.0,-16040.0,909,214,7584,171,2026-06-17T23:20:11+00:00,2026-06-17
2026-06-17,23:20:00,OJ,YUR,-3672.0,100.0,-3772.0,2,3,7584,171,2026-06-17T23:20:11+00:00,2026-06-17
2026-06-17,23:20:00,PD,FIZ,14160.0,20046.0,-5886.0,1765,259,7584,171,2026-06-17T23:20:11+00:00,2026-06-17
2026-06-17,23:20:00,PD,YUR,-14160.0,10920.0,-25080.0,20,27,7584,171,2026-06-17T23:20:11+00:00,2026-06-17
2026-06-17,23:20:00,PT,FIZ,2627.0,7738.0,-5111.0,1180,214,7584,171,2026-06-17T23:20:11+00:00,2026-06-17
2026-06-17,23:20:00,PT,YUR,-2627.0,16949.0,-19576.0,18,28,7584,171,2026-06-17T23:20:11+00:00,2026-06-17
2026-06-17,23:20:00,RB,FIZ,456807.0,535592.0,-78785.0,2685,506,7584,171,2026-06-17T23:20:11+00:00,2026-06-17
2026-06-17,23:20:00,RB,YUR,-456807.0,141072.0,-597879.0,19,15,7584,171,2026-06-17T23:20:11+00:00,2026-06-17
2026-06-17,23:20:00,RI,FIZ,8313.0,25113.0,-16800.0,1408,945,7584,171,2026-06-17T23:20:11+00:00,2026-06-17
2026-06-17,23:20:00,RI,YUR,-8313.0,11525.0,-19838.0,31,49,7584,171,2026-06-17T23:20:11+00:00,2026-06-17
2026-06-17,23:20:00,RL,FIZ,153.0,32483.0,-32330.0,564,170,7584,171,2026-06-17T23:20:11+00:00,2026-06-17
2026-06-17,23:20:00,RL,YUR,-153.0,42699.0,-42852.0,14,15,7584,171,2026-06-17T23:20:11+00:00,2026-06-17
2026-06-17,23:20:00,RM,FIZ,927.0,7176.0,-6249.0,471,382,7584,171,2026-06-17T23:20:11+00:00,2026-06-17
2026-06-17,23:20:00,RM,YUR,-927.0,871.0,-1798.0,6,8,7584,171,2026-06-17T23:20:11+00:00,2026-06-17
2026-06-17,23:20:00,RN,FIZ,17633.0,20526.0,-2893.0,1026,319,7584,171,2026-06-17T23:20:11+00:00,2026-06-17
2026-06-17,23:20:00,RN,YUR,-17633.0,6275.0,-23908.0,17,17,7584,171,2026-06-17T23:20:11+00:00,2026-06-17
2026-06-17,23:20:00,SBERF,FIZ,48218.0,66278.0,-18060.0,1358,506,7584,171,2026-06-17T23:20:11+00:00,2026-06-17
2026-06-17,23:20:00,SBERF,YUR,-48218.0,44032.0,-92250.0,20,19,7584,171,2026-06-17T23:20:11+00:00,2026-06-17
2026-06-17,23:20:00,SE,FIZ,16691.0,20879.0,-4188.0,144,47,7584,171,2026-06-17T23:20:11+00:00,2026-06-17
2026-06-17,23:20:00,SE,YUR,-16691.0,10434.0,-27125.0,7,17,7584,171,2026-06-17T23:20:11+00:00,2026-06-17
2026-06-17,23:20:00,SF,FIZ,19118.0,158490.0,-139372.0,1466,3728,7584,171,2026-06-17T23:20:11+00:00,2026-06-17
2026-06-17,23:20:00,SF,YUR,-19120.0,128228.0,-147348.0,47,28,7584,171,2026-06-17T23:20:11+00:00,2026-06-17
2026-06-17,23:20:00,SI,FIZ,1846957.0,2017940.0,-170983.0,18352,2254,7584,171,2026-06-17T23:20:11+00:00,2026-06-17
2026-06-17,23:20:00,SI,YUR,-1846963.0,4631203.0,-6478166.0,438,169,7584,171,2026-06-17T23:20:11+00:00,2026-06-17
2026-06-17,23:20:00,SN,FIZ,16309.0,18219.0,-1910.0,426,78,7584,171,2026-06-17T23:20:11+00:00,2026-06-17
2026-06-17,23:20:00,SN,YUR,-16309.0,7504.0,-23813.0,17,15,7584,171,2026-06-17T23:20:11+00:00,2026-06-17
2026-06-17,23:20:00,SP,FIZ,8606.0,9947.0,-1341.0,413,110,7584,171,2026-06-17T23:20:11+00:00,2026-06-17
2026-06-17,23:20:00,SP,YUR,-8606.0,4063.0,-12669.0,13,18,7584,171,2026-06-17T23:20:11+00:00,2026-06-17
2026-06-17,23:20:00,SR,FIZ,133639.0,175066.0,-41427.0,3024,1016,7584,171,2026-06-17T23:20:11+00:00,2026-06-17
2026-06-17,23:20:00,SR,YUR,-133639.0,129003.0,-262642.0,45,46,7584,171,2026-06-17T23:20:11+00:00,2026-06-17
2026-06-17,23:20:00,SS,FIZ,29683.0,792080.0,-762397.0,1768,819,7584,171,2026-06-17T23:20:11+00:00,2026-06-17
2026-06-17,23:20:00,SS,YUR,-29683.0,563529.0,-593212.0,14,15,7584,171,2026-06-17T23:20:11+00:00,2026-06-17
2026-06-17,23:20:00,SV,FIZ,96304.0,173471.0,-77167.0,6173,2690,7584,171,2026-06-17T23:20:11+00:00,2026-06-17
2026-06-17,23:20:00,SV,YUR,-96288.0,102318.0,-198606.0,72,62,7584,171,2026-06-17T23:20:11+00:00,2026-06-17
2026-06-17,23:20:00,TN,FIZ,105519.0,129942.0,-24423.0,538,105,7584,171,2026-06-17T23:20:11+00:00,2026-06-17
2026-06-17,23:20:00,TN,YUR,-105519.0,4773.0,-110292.0,7,12,7584,171,2026-06-17T23:20:11+00:00,2026-06-17
2026-06-17,23:20:00,TT,FIZ,1040.0,2449.0,-1409.0,196,148,7584,171,2026-06-17T23:20:11+00:00,2026-06-17
2026-06-17,23:20:00,TT,YUR,-1040.0,1377.0,-2417.0,8,14,7584,171,2026-06-17T23:20:11+00:00,2026-06-17
2026-06-17,23:20:00,UC,FIZ,-28083.0,5107.0,-33190.0,73,70,7584,171,2026-06-17T23:20:11+00:00,2026-06-17
2026-06-17,23:20:00,UC,YUR,28083.0,174949.0,-146866.0,17,34,7584,171,2026-06-17T23:20:11+00:00,2026-06-17
2026-06-17,23:20:00,USDRUBF,FIZ,316222.0,617471.0,-301249.0,12601,1276,7584,171,2026-06-17T23:20:11+00:00,2026-06-17
2026-06-17,23:20:00,USDRUBF,YUR,-316222.0,136673.0,-452895.0,103,66,7584,171,2026-06-17T23:20:11+00:00,2026-06-17
2026-06-17,23:20:00,VB,FIZ,356631.0,403050.0,-46419.0,2216,745,7584,171,2026-06-17T23:20:11+00:00,2026-06-17
2026-06-17,23:20:00,VB,YUR,-356631.0,254135.0,-610766.0,30,24,7584,171,2026-06-17T23:20:11+00:00,2026-06-17
2026-06-17,23:20:00,VI,FIZ,0.0,646.0,-646.0,27,16,7584,171,2026-06-17T23:20:11+00:00,2026-06-17
2026-06-17,23:20:00,W4,FIZ,7392.0,13920.0,-6528.0,752,83,7584,171,2026-06-17T23:20:11+00:00,2026-06-17
2026-06-17,23:20:00,W4,YUR,-7392.0,2675.0,-10067.0,6,5,7584,171,2026-06-17T23:20:11+00:00,2026-06-17
2026-06-17,23:20:00,X5,FIZ,164779.0,200196.0,-35417.0,1285,247,7584,171,2026-06-17T23:20:11+00:00,2026-06-17
2026-06-17,23:20:00,X5,YUR,-164779.0,201515.0,-366294.0,14,13,7584,171,2026-06-17T23:20:11+00:00,2026-06-17
2026-06-17,23:20:00,YD,FIZ,234100.0,251090.0,-16990.0,1710,289,7584,171,2026-06-17T23:20:11+00:00,2026-06-17
2026-06-17,23:20:00,YD,YUR,-234100.0,195350.0,-429450.0,16,37,7584,171,2026-06-17T23:20:11+00:00,2026-06-17
2026-06-17,23:25:00,AF,FIZ,49548.0,75024.0,-25476.0,914,383,7584,172,2026-06-17T23:25:11+00:00,2026-06-17
2026-06-17,23:25:00,AF,YUR,-49548.0,40470.0,-90018.0,13,14,7584,172,2026-06-17T23:25:11+00:00,2026-06-17
2026-06-17,23:25:00,AL,FIZ,46713.0,83471.0,-36758.0,1014,459,7584,172,2026-06-17T23:25:11+00:00,2026-06-17
2026-06-17,23:25:00,AL,YUR,-46713.0,39890.0,-86603.0,13,19,7584,172,2026-06-17T23:25:11+00:00,2026-06-17
2026-06-17,23:25:00,AU,FIZ,-1.0,1.0,-2.0,1,2,7584,172,2026-06-17T23:25:11+00:00,2026-06-17
2026-06-17,23:25:00,AU,YUR,1.0,1.0,0.0,1,0,7584,172,2026-06-17T23:25:11+00:00,2026-06-17
2026-06-17,23:25:00,BM,FIZ,54431.0,153069.0,-98638.0,5172,1696,7584,172,2026-06-17T23:25:11+00:00,2026-06-17
2026-06-17,23:25:00,BM,YUR,-54426.0,10820.0,-65246.0,14,18,7584,172,2026-06-17T23:25:11+00:00,2026-06-17
2026-06-17,23:25:00,BR,FIZ,120390.0,291582.0,-171192.0,8955,3298,7584,172,2026-06-17T23:25:11+00:00,2026-06-17
2026-06-17,23:25:00,BR,YUR,-120288.0,101944.0,-222232.0,82,50,7584,172,2026-06-17T23:25:11+00:00,2026-06-17
2026-06-17,23:25:00,CC,FIZ,-3379.0,409481.0,-412860.0,3566,2584,7584,172,2026-06-17T23:25:11+00:00,2026-06-17
2026-06-17,23:25:00,CC,YUR,3379.0,30933.0,-27554.0,5,22,7584,172,2026-06-17T23:25:11+00:00,2026-06-17
2026-06-17,23:25:00,CE,FIZ,36260.0,47683.0,-11423.0,949,221,7584,172,2026-06-17T23:25:11+00:00,2026-06-17
2026-06-17,23:25:00,CE,YUR,-36260.0,12509.0,-48769.0,9,3,7584,172,2026-06-17T23:25:11+00:00,2026-06-17
2026-06-17,23:25:00,CH,FIZ,1272.0,1387.0,-115.0,188,25,7584,172,2026-06-17T23:25:11+00:00,2026-06-17
2026-06-17,23:25:00,CH,YUR,-1272.0,1155.0,-2427.0,6,13,7584,172,2026-06-17T23:25:11+00:00,2026-06-17
2026-06-17,23:25:00,CNYRUBF,FIZ,4703325.0,5321277.0,-617952.0,13412,1282,7584,172,2026-06-17T23:25:11+00:00,2026-06-17
2026-06-17,23:25:00,CNYRUBF,YUR,-4703325.0,2987590.0,-7690915.0,121,49,7584,172,2026-06-17T23:25:11+00:00,2026-06-17
2026-06-17,23:25:00,CR,FIZ,6503088.0,7321859.0,-818771.0,19969,2600,7584,172,2026-06-17T23:25:11+00:00,2026-06-17
2026-06-17,23:25:00,CR,YUR,-6503088.0,19556315.0,-26059403.0,321,91,7584,172,2026-06-17T23:25:11+00:00,2026-06-17
2026-06-17,23:25:00,DX,FIZ,-1154.0,4326.0,-5480.0,82,186,7584,172,2026-06-17T23:25:11+00:00,2026-06-17
2026-06-17,23:25:00,DX,YUR,1154.0,1154.0,0.0,3,0,7584,172,2026-06-17T23:25:11+00:00,2026-06-17
2026-06-17,23:25:00,ED,FIZ,54604.0,111073.0,-56469.0,721,486,7584,172,2026-06-17T23:25:11+00:00,2026-06-17
2026-06-17,23:25:00,ED,YUR,-54604.0,409984.0,-464588.0,50,37,7584,172,2026-06-17T23:25:11+00:00,2026-06-17
2026-06-17,23:25:00,EU,FIZ,117329.0,128726.0,-11397.0,1795,175,7584,172,2026-06-17T23:25:11+00:00,2026-06-17
2026-06-17,23:25:00,EU,YUR,-117329.0,1004386.0,-1121715.0,113,65,7584,172,2026-06-17T23:25:11+00:00,2026-06-17
2026-06-17,23:25:00,EURRUBF,FIZ,15660.0,28299.0,-12639.0,1085,215,7584,172,2026-06-17T23:25:11+00:00,2026-06-17
2026-06-17,23:25:00,EURRUBF,YUR,-15660.0,30669.0,-46329.0,34,25,7584,172,2026-06-17T23:25:11+00:00,2026-06-17
2026-06-17,23:25:00,FF,FIZ,30147.0,42179.0,-12032.0,824,206,7584,172,2026-06-17T23:25:11+00:00,2026-06-17
2026-06-17,23:25:00,FF,YUR,-30147.0,77.0,-30224.0,2,1,7584,172,2026-06-17T23:25:11+00:00,2026-06-17
2026-06-17,23:25:00,GAZPF,FIZ,202977.0,213168.0,-10191.0,2485,316,7584,172,2026-06-17T23:25:11+00:00,2026-06-17
2026-06-17,23:25:00,GAZPF,YUR,-202977.0,6552.0,-209529.0,11,21,7584,172,2026-06-17T23:25:11+00:00,2026-06-17
2026-06-17,23:25:00,GD,FIZ,88418.0,111993.0,-23575.0,4385,1606,7584,172,2026-06-17T23:25:11+00:00,2026-06-17
2026-06-17,23:25:00,GD,YUR,-88418.0,121023.0,-209441.0,102,71,7584,172,2026-06-17T23:25:11+00:00,2026-06-17
2026-06-17,23:25:00,GK,FIZ,107182.0,238245.0,-131063.0,1470,602,7584,172,2026-06-17T23:25:11+00:00,2026-06-17
2026-06-17,23:25:00,GK,YUR,-107182.0,269073.0,-376255.0,10,29,7584,172,2026-06-17T23:25:11+00:00,2026-06-17
2026-06-17,23:25:00,GL,FIZ,225627.0,241848.0,-16221.0,2500,348,7584,172,2026-06-17T23:25:11+00:00,2026-06-17
2026-06-17,23:25:00,GL,YUR,-225627.0,778828.0,-1004455.0,48,26,7584,172,2026-06-17T23:25:11+00:00,2026-06-17
2026-06-17,23:25:00,GLDRUBF,FIZ,409466.0,504345.0,-94879.0,5955,1240,7584,172,2026-06-17T23:25:11+00:00,2026-06-17
2026-06-17,23:25:00,GLDRUBF,YUR,-409466.0,202349.0,-611815.0,29,38,7584,172,2026-06-17T23:25:11+00:00,2026-06-17
2026-06-17,23:25:00,GZ,FIZ,389984.0,435463.0,-45479.0,4282,957,7584,172,2026-06-17T23:25:11+00:00,2026-06-17
2026-06-17,23:25:00,GZ,YUR,-389984.0,304204.0,-694188.0,38,45,7584,172,2026-06-17T23:25:11+00:00,2026-06-17
2026-06-17,23:25:00,HS,FIZ,-24048.0,22252.0,-46300.0,248,79,7584,172,2026-06-17T23:25:11+00:00,2026-06-17
2026-06-17,23:25:00,HS,YUR,24048.0,36318.0,-12270.0,3,2,7584,172,2026-06-17T23:25:11+00:00,2026-06-17
2026-06-17,23:25:00,HY,FIZ,6273.0,9970.0,-3697.0,187,82,7584,172,2026-06-17T23:25:11+00:00,2026-06-17
2026-06-17,23:25:00,HY,YUR,-6273.0,9818.0,-16091.0,5,11,7584,172,2026-06-17T23:25:11+00:00,2026-06-17
2026-06-17,23:25:00,IB,FIZ,266911.0,397452.0,-130541.0,1871,347,7584,172,2026-06-17T23:25:11+00:00,2026-06-17
2026-06-17,23:25:00,IB,YUR,-266911.0,158799.0,-425710.0,12,13,7584,172,2026-06-17T23:25:11+00:00,2026-06-17
2026-06-17,23:25:00,IMOEXF,FIZ,410631.0,742046.0,-331415.0,10478,2568,7584,172,2026-06-17T23:25:11+00:00,2026-06-17
2026-06-17,23:25:00,IMOEXF,YUR,-410631.0,58919.0,-469550.0,46,44,7584,172,2026-06-17T23:25:11+00:00,2026-06-17
2026-06-17,23:25:00,KC,FIZ,-6507.0,147782.0,-154289.0,1270,721,7584,172,2026-06-17T23:25:11+00:00,2026-06-17
2026-06-17,23:25:00,KC,YUR,6507.0,9427.0,-2920.0,9,5,7584,172,2026-06-17T23:25:11+00:00,2026-06-17
2026-06-17,23:25:00,LK,FIZ,9807.0,16435.0,-6628.0,979,442,7584,172,2026-06-17T23:25:11+00:00,2026-06-17
2026-06-17,23:25:00,LK,YUR,-9807.0,147325.0,-157132.0,19,38,7584,172,2026-06-17T23:25:11+00:00,2026-06-17
2026-06-17,23:25:00,MC,FIZ,-7037.0,14995.0,-22032.0,407,222,7584,172,2026-06-17T23:25:11+00:00,2026-06-17
2026-06-17,23:25:00,MC,YUR,7037.0,13956.0,-6919.0,9,8,7584,172,2026-06-17T23:25:11+00:00,2026-06-17
2026-06-17,23:25:00,ME,FIZ,6044.0,8692.0,-2648.0,403,147,7584,172,2026-06-17T23:25:11+00:00,2026-06-17
2026-06-17,23:25:00,ME,YUR,-6044.0,21935.0,-27979.0,10,25,7584,172,2026-06-17T23:25:11+00:00,2026-06-17
2026-06-17,23:25:00,MG,FIZ,13104.0,14864.0,-1760.0,864,149,7584,172,2026-06-17T23:25:11+00:00,2026-06-17
2026-06-17,23:25:00,MG,YUR,-13104.0,9050.0,-22154.0,15,22,7584,172,2026-06-17T23:25:11+00:00,2026-06-17
2026-06-17,23:25:00,MM,FIZ,69506.0,187327.0,-117821.0,8182,1843,7584,172,2026-06-17T23:25:11+00:00,2026-06-17
2026-06-17,23:25:00,MM,YUR,-69506.0,17514.0,-87020.0,26,33,7584,172,2026-06-17T23:25:11+00:00,2026-06-17
2026-06-17,23:25:00,MN,FIZ,100287.0,146605.0,-46318.0,1112,367,7584,172,2026-06-17T23:25:11+00:00,2026-06-17
2026-06-17,23:25:00,MN,YUR,-100287.0,32567.0,-132854.0,10,31,7584,172,2026-06-17T23:25:11+00:00,2026-06-17
2026-06-17,23:25:00,MX,FIZ,101733.0,133294.0,-31561.0,4765,1504,7584,172,2026-06-17T23:25:11+00:00,2026-06-17
2026-06-17,23:25:00,MX,YUR,-101733.0,66710.0,-168443.0,78,79,7584,172,2026-06-17T23:25:11+00:00,2026-06-17
2026-06-17,23:25:00,MY,FIZ,-16.0,635.0,-651.0,64,26,7584,172,2026-06-17T23:25:11+00:00,2026-06-17
2026-06-17,23:25:00,MY,YUR,16.0,16.0,0.0,1,0,7584,172,2026-06-17T23:25:11+00:00,2026-06-17
2026-06-17,23:25:00,NA,FIZ,-166048.0,272686.0,-438734.0,1920,3870,7584,172,2026-06-17T23:25:11+00:00,2026-06-17
2026-06-17,23:25:00,NA,YUR,166048.0,372770.0,-206722.0,52,36,7584,172,2026-06-17T23:25:11+00:00,2026-06-17
2026-06-17,23:25:00,NG,FIZ,57995.0,170751.0,-112756.0,4985,3801,7584,172,2026-06-17T23:25:11+00:00,2026-06-17
2026-06-17,23:25:00,NG,YUR,-57995.0,92701.0,-150696.0,42,49,7584,172,2026-06-17T23:25:11+00:00,2026-06-17
2026-06-17,23:25:00,NM,FIZ,38327.0,42307.0,-3980.0,739,173,7584,172,2026-06-17T23:25:11+00:00,2026-06-17
2026-06-17,23:25:00,NM,YUR,-38327.0,7820.0,-46147.0,7,25,7584,172,2026-06-17T23:25:11+00:00,2026-06-17
2026-06-17,23:25:00,NR,FIZ,330907.0,858289.0,-527382.0,3281,1476,7584,172,2026-06-17T23:25:11+00:00,2026-06-17
2026-06-17,23:25:00,NR,YUR,-330907.0,55253.0,-386160.0,6,17,7584,172,2026-06-17T23:25:11+00:00,2026-06-17
2026-06-17,23:25:00,OJ,FIZ,3672.0,19712.0,-16040.0,910,214,7584,172,2026-06-17T23:25:11+00:00,2026-06-17
2026-06-17,23:25:00,OJ,YUR,-3672.0,100.0,-3772.0,2,3,7584,172,2026-06-17T23:25:11+00:00,2026-06-17
2026-06-17,23:25:00,PD,FIZ,14161.0,20044.0,-5883.0,1770,262,7584,172,2026-06-17T23:25:11+00:00,2026-06-17
2026-06-17,23:25:00,PD,YUR,-14161.0,10920.0,-25081.0,20,27,7584,172,2026-06-17T23:25:11+00:00,2026-06-17
2026-06-17,23:25:00,PT,FIZ,2626.0,7736.0,-5110.0,1179,215,7584,172,2026-06-17T23:25:11+00:00,2026-06-17
2026-06-17,23:25:00,PT,YUR,-2626.0,16949.0,-19575.0,18,28,7584,172,2026-06-17T23:25:11+00:00,2026-06-17
2026-06-17,23:25:00,RB,FIZ,456793.0,535578.0,-78785.0,2685,506,7584,172,2026-06-17T23:25:11+00:00,2026-06-17
2026-06-17,23:25:00,RB,YUR,-456793.0,141072.0,-597865.0,19,15,7584,172,2026-06-17T23:25:11+00:00,2026-06-17
2026-06-17,23:25:00,RI,FIZ,8327.0,25118.0,-16791.0,1408,945,7584,172,2026-06-17T23:25:11+00:00,2026-06-17
2026-06-17,23:25:00,RI,YUR,-8327.0,11492.0,-19819.0,31,49,7584,172,2026-06-17T23:25:11+00:00,2026-06-17
2026-06-17,23:25:00,RL,FIZ,125.0,32459.0,-32334.0,563,170,7584,172,2026-06-17T23:25:11+00:00,2026-06-17
2026-06-17,23:25:00,RL,YUR,-125.0,42723.0,-42848.0,14,15,7584,172,2026-06-17T23:25:11+00:00,2026-06-17
2026-06-17,23:25:00,RM,FIZ,918.0,7155.0,-6237.0,470,382,7584,172,2026-06-17T23:25:11+00:00,2026-06-17
2026-06-17,23:25:00,RM,YUR,-918.0,870.0,-1788.0,6,8,7584,172,2026-06-17T23:25:11+00:00,2026-06-17
2026-06-17,23:25:00,RN,FIZ,17633.0,20532.0,-2899.0,1026,319,7584,172,2026-06-17T23:25:11+00:00,2026-06-17
2026-06-17,23:25:00,RN,YUR,-17633.0,6277.0,-23910.0,17,17,7584,172,2026-06-17T23:25:11+00:00,2026-06-17
2026-06-17,23:25:00,SBERF,FIZ,48217.0,66277.0,-18060.0,1357,506,7584,172,2026-06-17T23:25:11+00:00,2026-06-17
2026-06-17,23:25:00,SBERF,YUR,-48217.0,44033.0,-92250.0,20,19,7584,172,2026-06-17T23:25:11+00:00,2026-06-17
2026-06-17,23:25:00,SE,FIZ,16692.0,20880.0,-4188.0,144,47,7584,172,2026-06-17T23:25:11+00:00,2026-06-17
2026-06-17,23:25:00,SE,YUR,-16692.0,10434.0,-27126.0,7,17,7584,172,2026-06-17T23:25:11+00:00,2026-06-17
2026-06-17,23:25:00,SF,FIZ,22683.0,158892.0,-136209.0,1454,3726,7584,172,2026-06-17T23:25:11+00:00,2026-06-17
2026-06-17,23:25:00,SF,YUR,-22683.0,126419.0,-149102.0,46,30,7584,172,2026-06-17T23:25:11+00:00,2026-06-17
2026-06-17,23:25:00,SI,FIZ,1847203.0,2018048.0,-170845.0,18355,2252,7584,172,2026-06-17T23:25:11+00:00,2026-06-17
2026-06-17,23:25:00,SI,YUR,-1847203.0,4631059.0,-6478262.0,440,166,7584,172,2026-06-17T23:25:11+00:00,2026-06-17
2026-06-17,23:25:00,SN,FIZ,16311.0,18221.0,-1910.0,426,78,7584,172,2026-06-17T23:25:11+00:00,2026-06-17
2026-06-17,23:25:00,SN,YUR,-16311.0,7504.0,-23815.0,17,15,7584,172,2026-06-17T23:25:11+00:00,2026-06-17
2026-06-17,23:25:00,SP,FIZ,8597.0,9937.0,-1340.0,412,110,7584,172,2026-06-17T23:25:11+00:00,2026-06-17
2026-06-17,23:25:00,SP,YUR,-8597.0,4063.0,-12660.0,13,17,7584,172,2026-06-17T23:25:11+00:00,2026-06-17
2026-06-17,23:25:00,SR,FIZ,133635.0,175048.0,-41413.0,3023,1016,7584,172,2026-06-17T23:25:11+00:00,2026-06-17
2026-06-17,23:25:00,SR,YUR,-133635.0,129001.0,-262636.0,45,46,7584,172,2026-06-17T23:25:11+00:00,2026-06-17
2026-06-17,23:25:00,SS,FIZ,29453.0,790298.0,-760845.0,1768,817,7584,172,2026-06-17T23:25:11+00:00,2026-06-17
2026-06-17,23:25:00,SS,YUR,-29453.0,563354.0,-592807.0,14,15,7584,172,2026-06-17T23:25:11+00:00,2026-06-17
2026-06-17,23:25:00,SV,FIZ,95267.0,172157.0,-76890.0,6130,2711,7584,172,2026-06-17T23:25:11+00:00,2026-06-17
2026-06-17,23:25:00,SV,YUR,-95267.0,104429.0,-199696.0,75,60,7584,172,2026-06-17T23:25:11+00:00,2026-06-17
2026-06-17,23:25:00,TN,FIZ,105519.0,129942.0,-24423.0,538,105,7584,172,2026-06-17T23:25:11+00:00,2026-06-17
2026-06-17,23:25:00,TN,YUR,-105519.0,4773.0,-110292.0,7,12,7584,172,2026-06-17T23:25:11+00:00,2026-06-17
2026-06-17,23:25:00,TT,FIZ,1040.0,2449.0,-1409.0,196,148,7584,172,2026-06-17T23:25:11+00:00,2026-06-17
2026-06-17,23:25:00,TT,YUR,-1040.0,1377.0,-2417.0,8,14,7584,172,2026-06-17T23:25:11+00:00,2026-06-17
2026-06-17,23:25:00,UC,FIZ,-28024.0,5107.0,-33131.0,73,70,7584,172,2026-06-17T23:25:11+00:00,2026-06-17
2026-06-17,23:25:00,UC,YUR,28024.0,174947.0,-146923.0,17,34,7584,172,2026-06-17T23:25:11+00:00,2026-06-17
2026-06-17,23:25:00,USDRUBF,FIZ,316143.0,617275.0,-301132.0,12601,1277,7584,172,2026-06-17T23:25:11+00:00,2026-06-17
2026-06-17,23:25:00,USDRUBF,YUR,-316143.0,136685.0,-452828.0,104,66,7584,172,2026-06-17T23:25:11+00:00,2026-06-17
2026-06-17,23:25:00,VB,FIZ,357036.0,403512.0,-46476.0,2214,746,7584,172,2026-06-17T23:25:11+00:00,2026-06-17
2026-06-17,23:25:00,VB,YUR,-357036.0,253730.0,-610766.0,30,24,7584,172,2026-06-17T23:25:11+00:00,2026-06-17
2026-06-17,23:25:00,VI,FIZ,0.0,646.0,-646.0,27,16,7584,172,2026-06-17T23:25:11+00:00,2026-06-17
2026-06-17,23:25:00,W4,FIZ,7392.0,13920.0,-6528.0,752,83,7584,172,2026-06-17T23:25:11+00:00,2026-06-17
2026-06-17,23:25:00,W4,YUR,-7392.0,2675.0,-10067.0,6,5,7584,172,2026-06-17T23:25:11+00:00,2026-06-17
2026-06-17,23:25:00,X5,FIZ,164730.0,200146.0,-35416.0,1285,246,7584,172,2026-06-17T23:25:11+00:00,2026-06-17
2026-06-17,23:25:00,X5,YUR,-164730.0,201594.0,-366324.0,15,12,7584,172,2026-06-17T23:25:11+00:00,2026-06-17
2026-06-17,23:25:00,YD,FIZ,234100.0,251090.0,-16990.0,1711,289,7584,172,2026-06-17T23:25:11+00:00,2026-06-17
2026-06-17,23:25:00,YD,YUR,-234100.0,195351.0,-429451.0,16,37,7584,172,2026-06-17T23:25:11+00:00,2026-06-17
2026-06-17,23:30:00,AF,FIZ,49558.0,75033.0,-25475.0,915,382,7584,173,2026-06-17T23:30:12+00:00,2026-06-17
2026-06-17,23:30:00,AF,YUR,-49558.0,40470.0,-90028.0,13,14,7584,173,2026-06-17T23:30:12+00:00,2026-06-17
2026-06-17,23:30:00,AL,FIZ,46707.0,83471.0,-36764.0,1013,459,7584,173,2026-06-17T23:30:12+00:00,2026-06-17
2026-06-17,23:30:00,AL,YUR,-46707.0,39890.0,-86597.0,12,19,7584,173,2026-06-17T23:30:12+00:00,2026-06-17
2026-06-17,23:30:00,AU,FIZ,-1.0,1.0,-2.0,1,2,7584,173,2026-06-17T23:30:12+00:00,2026-06-17
2026-06-17,23:30:00,AU,YUR,1.0,1.0,0.0,1,0,7584,173,2026-06-17T23:30:12+00:00,2026-06-17
2026-06-17,23:30:00,BM,FIZ,54506.0,153055.0,-98549.0,5166,1695,7584,173,2026-06-17T23:30:12+00:00,2026-06-17
2026-06-17,23:30:00,BM,YUR,-54506.0,10820.0,-65326.0,14,18,7584,173,2026-06-17T23:30:12+00:00,2026-06-17
2026-06-17,23:30:00,BR,FIZ,120223.0,291229.0,-171006.0,8944,3294,7584,173,2026-06-17T23:30:12+00:00,2026-06-17
2026-06-17,23:30:00,BR,YUR,-120223.0,101959.0,-222182.0,83,49,7584,173,2026-06-17T23:30:12+00:00,2026-06-17
2026-06-17,23:30:00,CC,FIZ,-3738.0,409505.0,-413243.0,3569,2588,7584,173,2026-06-17T23:30:12+00:00,2026-06-17
2026-06-17,23:30:00,CC,YUR,3738.0,30933.0,-27195.0,5,21,7584,173,2026-06-17T23:30:12+00:00,2026-06-17
2026-06-17,23:30:00,CE,FIZ,36234.0,47546.0,-11312.0,947,216,7584,173,2026-06-17T23:30:12+00:00,2026-06-17
2026-06-17,23:30:00,CE,YUR,-36234.0,12524.0,-48758.0,9,3,7584,173,2026-06-17T23:30:12+00:00,2026-06-17
2026-06-17,23:30:00,CH,FIZ,1272.0,1386.0,-114.0,187,24,7584,173,2026-06-17T23:30:12+00:00,2026-06-17
2026-06-17,23:30:00,CH,YUR,-1272.0,1155.0,-2427.0,6,13,7584,173,2026-06-17T23:30:12+00:00,2026-06-17
2026-06-17,23:30:00,CNYRUBF,FIZ,4703424.0,5321772.0,-618348.0,13414,1281,7584,173,2026-06-17T23:30:12+00:00,2026-06-17
2026-06-17,23:30:00,CNYRUBF,YUR,-4703424.0,2987438.0,-7690862.0,120,50,7584,173,2026-06-17T23:30:12+00:00,2026-06-17
2026-06-17,23:30:00,CR,FIZ,6502454.0,7323063.0,-820609.0,19969,2595,7584,173,2026-06-17T23:30:12+00:00,2026-06-17
2026-06-17,23:30:00,CR,YUR,-6502454.0,19556756.0,-26059210.0,319,94,7584,173,2026-06-17T23:30:12+00:00,2026-06-17
2026-06-17,23:30:00,DX,FIZ,-1154.0,4326.0,-5480.0,82,186,7584,173,2026-06-17T23:30:12+00:00,2026-06-17
2026-06-17,23:30:00,DX,YUR,1154.0,1154.0,0.0,3,0,7584,173,2026-06-17T23:30:12+00:00,2026-06-17
2026-06-17,23:30:00,ED,FIZ,54200.0,110829.0,-56629.0,720,485,7584,173,2026-06-17T23:30:12+00:00,2026-06-17
2026-06-17,23:30:00,ED,YUR,-54200.0,410161.0,-464361.0,51,35,7584,173,2026-06-17T23:30:12+00:00,2026-06-17
2026-06-17,23:30:00,EU,FIZ,117399.0,128724.0,-11325.0,1794,174,7584,173,2026-06-17T23:30:12+00:00,2026-06-17
2026-06-17,23:30:00,EU,YUR,-117399.0,1004397.0,-1121796.0,112,66,7584,173,2026-06-17T23:30:12+00:00,2026-06-17
2026-06-17,23:30:00,EURRUBF,FIZ,15626.0,28259.0,-12633.0,1086,213,7584,173,2026-06-17T23:30:12+00:00,2026-06-17
2026-06-17,23:30:00,EURRUBF,YUR,-15626.0,30778.0,-46404.0,34,25,7584,173,2026-06-17T23:30:12+00:00,2026-06-17
2026-06-17,23:30:00,FF,FIZ,30147.0,42177.0,-12030.0,823,206,7584,173,2026-06-17T23:30:12+00:00,2026-06-17
2026-06-17,23:30:00,FF,YUR,-30147.0,77.0,-30224.0,2,1,7584,173,2026-06-17T23:30:12+00:00,2026-06-17
2026-06-17,23:30:00,GAZPF,FIZ,203017.0,213168.0,-10151.0,2485,315,7584,173,2026-06-17T23:30:12+00:00,2026-06-17
2026-06-17,23:30:00,GAZPF,YUR,-203017.0,6536.0,-209553.0,11,20,7584,173,2026-06-17T23:30:12+00:00,2026-06-17
2026-06-17,23:30:00,GD,FIZ,88490.0,111945.0,-23455.0,4372,1612,7584,173,2026-06-17T23:30:12+00:00,2026-06-17
2026-06-17,23:30:00,GD,YUR,-88490.0,120941.0,-209431.0,103,69,7584,173,2026-06-17T23:30:12+00:00,2026-06-17
2026-06-17,23:30:00,GK,FIZ,106882.0,237947.0,-131065.0,1468,601,7584,173,2026-06-17T23:30:12+00:00,2026-06-17
2026-06-17,23:30:00,GK,YUR,-106882.0,269073.0,-375955.0,10,29,7584,173,2026-06-17T23:30:12+00:00,2026-06-17
2026-06-17,23:30:00,GL,FIZ,225313.0,241724.0,-16411.0,2500,351,7584,173,2026-06-17T23:30:12+00:00,2026-06-17
2026-06-17,23:30:00,GL,YUR,-225313.0,779120.0,-1004433.0,48,26,7584,173,2026-06-17T23:30:12+00:00,2026-06-17
2026-06-17,23:30:00,GLDRUBF,FIZ,410540.0,505304.0,-94764.0,5950,1238,7584,173,2026-06-17T23:30:12+00:00,2026-06-17
2026-06-17,23:30:00,GLDRUBF,YUR,-410540.0,201237.0,-611777.0,29,38,7584,173,2026-06-17T23:30:12+00:00,2026-06-17
2026-06-17,23:30:00,GZ,FIZ,390051.0,435527.0,-45476.0,4282,959,7584,173,2026-06-17T23:30:12+00:00,2026-06-17
2026-06-17,23:30:00,GZ,YUR,-390051.0,304549.0,-694600.0,37,45,7584,173,2026-06-17T23:30:12+00:00,2026-06-17
2026-06-17,23:30:00,HS,FIZ,-24048.0,22252.0,-46300.0,248,79,7584,173,2026-06-17T23:30:12+00:00,2026-06-17
2026-06-17,23:30:00,HS,YUR,24048.0,36318.0,-12270.0,3,2,7584,173,2026-06-17T23:30:12+00:00,2026-06-17
2026-06-17,23:30:00,HY,FIZ,6278.0,9978.0,-3700.0,188,82,7584,173,2026-06-17T23:30:12+00:00,2026-06-17
2026-06-17,23:30:00,HY,YUR,-6278.0,9746.0,-16024.0,5,11,7584,173,2026-06-17T23:30:12+00:00,2026-06-17
2026-06-17,23:30:00,IB,FIZ,266357.0,396783.0,-130426.0,1869,345,7584,173,2026-06-17T23:30:12+00:00,2026-06-17
2026-06-17,23:30:00,IB,YUR,-266357.0,158799.0,-425156.0,12,13,7584,173,2026-06-17T23:30:12+00:00,2026-06-17
2026-06-17,23:30:00,IMOEXF,FIZ,410610.0,742070.0,-331460.0,10473,2569,7584,173,2026-06-17T23:30:12+00:00,2026-06-17
2026-06-17,23:30:00,IMOEXF,YUR,-410610.0,58799.0,-469409.0,46,43,7584,173,2026-06-17T23:30:12+00:00,2026-06-17
2026-06-17,23:30:00,KC,FIZ,-6586.0,146404.0,-152990.0,1272,719,7584,173,2026-06-17T23:30:12+00:00,2026-06-17
2026-06-17,23:30:00,KC,YUR,6586.0,9506.0,-2920.0,9,5,7584,173,2026-06-17T23:30:12+00:00,2026-06-17
2026-06-17,23:30:00,LK,FIZ,9807.0,16435.0,-6628.0,979,442,7584,173,2026-06-17T23:30:12+00:00,2026-06-17
2026-06-17,23:30:00,LK,YUR,-9807.0,147325.0,-157132.0,19,38,7584,173,2026-06-17T23:30:12+00:00,2026-06-17
2026-06-17,23:30:00,MC,FIZ,-7036.0,14995.0,-22031.0,407,221,7584,173,2026-06-17T23:30:12+00:00,2026-06-17
2026-06-17,23:30:00,MC,YUR,7036.0,13950.0,-6914.0,9,8,7584,173,2026-06-17T23:30:12+00:00,2026-06-17
2026-06-17,23:30:00,ME,FIZ,6040.0,8686.0,-2646.0,401,148,7584,173,2026-06-17T23:30:12+00:00,2026-06-17
2026-06-17,23:30:00,ME,YUR,-6040.0,21890.0,-27930.0,10,24,7584,173,2026-06-17T23:30:12+00:00,2026-06-17
2026-06-17,23:30:00,MG,FIZ,13104.0,14914.0,-1810.0,864,149,7584,173,2026-06-17T23:30:12+00:00,2026-06-17
2026-06-17,23:30:00,MG,YUR,-13104.0,9050.0,-22154.0,15,22,7584,173,2026-06-17T23:30:12+00:00,2026-06-17
2026-06-17,23:30:00,MM,FIZ,69379.0,187303.0,-117924.0,8174,1845,7584,173,2026-06-17T23:30:12+00:00,2026-06-17
2026-06-17,23:30:00,MM,YUR,-69379.0,17458.0,-86837.0,26,32,7584,173,2026-06-17T23:30:12+00:00,2026-06-17
2026-06-17,23:30:00,MN,FIZ,100295.0,146614.0,-46319.0,1111,368,7584,173,2026-06-17T23:30:12+00:00,2026-06-17
2026-06-17,23:30:00,MN,YUR,-100295.0,32577.0,-132872.0,10,31,7584,173,2026-06-17T23:30:12+00:00,2026-06-17
2026-06-17,23:30:00,MX,FIZ,101697.0,133285.0,-31588.0,4763,1507,7584,173,2026-06-17T23:30:12+00:00,2026-06-17
2026-06-17,23:30:00,MX,YUR,-101697.0,66706.0,-168403.0,78,77,7584,173,2026-06-17T23:30:12+00:00,2026-06-17
2026-06-17,23:30:00,MY,FIZ,-16.0,635.0,-651.0,64,26,7584,173,2026-06-17T23:30:12+00:00,2026-06-17
2026-06-17,23:30:00,MY,YUR,16.0,16.0,0.0,1,0,7584,173,2026-06-17T23:30:12+00:00,2026-06-17
2026-06-17,23:30:00,NA,FIZ,-165209.0,273077.0,-438286.0,1920,3863,7584,173,2026-06-17T23:30:12+00:00,2026-06-17
2026-06-17,23:30:00,NA,YUR,165209.0,371931.0,-206722.0,52,36,7584,173,2026-06-17T23:30:12+00:00,2026-06-17
2026-06-17,23:30:00,NG,FIZ,56417.0,169308.0,-112891.0,4959,3797,7584,173,2026-06-17T23:30:12+00:00,2026-06-17
2026-06-17,23:30:00,NG,YUR,-56445.0,89855.0,-146300.0,42,47,7584,173,2026-06-17T23:30:12+00:00,2026-06-17
2026-06-17,23:30:00,NM,FIZ,38327.0,42307.0,-3980.0,739,173,7584,173,2026-06-17T23:30:12+00:00,2026-06-17
2026-06-17,23:30:00,NM,YUR,-38327.0,7820.0,-46147.0,7,25,7584,173,2026-06-17T23:30:12+00:00,2026-06-17
2026-06-17,23:30:00,NR,FIZ,330511.0,857135.0,-526624.0,3276,1473,7584,173,2026-06-17T23:30:12+00:00,2026-06-17
2026-06-17,23:30:00,NR,YUR,-330511.0,55453.0,-385964.0,6,17,7584,173,2026-06-17T23:30:12+00:00,2026-06-17
2026-06-17,23:30:00,OJ,FIZ,3672.0,19711.0,-16039.0,911,213,7584,173,2026-06-17T23:30:12+00:00,2026-06-17
2026-06-17,23:30:00,OJ,YUR,-3672.0,100.0,-3772.0,2,3,7584,173,2026-06-17T23:30:12+00:00,2026-06-17
2026-06-17,23:30:00,PD,FIZ,14164.0,20023.0,-5859.0,1764,264,7584,173,2026-06-17T23:30:12+00:00,2026-06-17
2026-06-17,23:30:00,PD,YUR,-14164.0,10920.0,-25084.0,20,27,7584,173,2026-06-17T23:30:12+00:00,2026-06-17
2026-06-17,23:30:00,PT,FIZ,2625.0,7728.0,-5103.0,1176,214,7584,173,2026-06-17T23:30:12+00:00,2026-06-17
2026-06-17,23:30:00,PT,YUR,-2625.0,16957.0,-19582.0,19,28,7584,173,2026-06-17T23:30:12+00:00,2026-06-17
2026-06-17,23:30:00,RB,FIZ,456731.0,535516.0,-78785.0,2686,506,7584,173,2026-06-17T23:30:12+00:00,2026-06-17
2026-06-17,23:30:00,RB,YUR,-456731.0,141047.0,-597778.0,19,15,7584,173,2026-06-17T23:30:12+00:00,2026-06-17
2026-06-17,23:30:00,RI,FIZ,8357.0,25116.0,-16759.0,1406,941,7584,173,2026-06-17T23:30:12+00:00,2026-06-17
2026-06-17,23:30:00,RI,YUR,-8357.0,11463.0,-19820.0,32,48,7584,173,2026-06-17T23:30:12+00:00,2026-06-17
2026-06-17,23:30:00,RL,FIZ,25.0,32354.0,-32329.0,561,171,7584,173,2026-06-17T23:30:12+00:00,2026-06-17
2026-06-17,23:30:00,RL,YUR,-25.0,42723.0,-42748.0,14,15,7584,173,2026-06-17T23:30:12+00:00,2026-06-17
2026-06-17,23:30:00,RM,FIZ,930.0,7166.0,-6236.0,471,382,7584,173,2026-06-17T23:30:12+00:00,2026-06-17
2026-06-17,23:30:00,RM,YUR,-930.0,858.0,-1788.0,6,8,7584,173,2026-06-17T23:30:12+00:00,2026-06-17
2026-06-17,23:30:00,RN,FIZ,17634.0,20536.0,-2902.0,1026,319,7584,173,2026-06-17T23:30:12+00:00,2026-06-17
2026-06-17,23:30:00,RN,YUR,-17634.0,6275.0,-23909.0,17,17,7584,173,2026-06-17T23:30:12+00:00,2026-06-17
2026-06-17,23:30:00,SBERF,FIZ,48217.0,66277.0,-18060.0,1357,505,7584,173,2026-06-17T23:30:12+00:00,2026-06-17
2026-06-17,23:30:00,SBERF,YUR,-48217.0,44024.0,-92241.0,19,19,7584,173,2026-06-17T23:30:12+00:00,2026-06-17
2026-06-17,23:30:00,SE,FIZ,16667.0,20855.0,-4188.0,144,47,7584,173,2026-06-17T23:30:12+00:00,2026-06-17
2026-06-17,23:30:00,SE,YUR,-16667.0,10434.0,-27101.0,7,16,7584,173,2026-06-17T23:30:12+00:00,2026-06-17
2026-06-17,23:30:00,SF,FIZ,23017.0,158701.0,-135684.0,1453,3724,7584,173,2026-06-17T23:30:12+00:00,2026-06-17
2026-06-17,23:30:00,SF,YUR,-23017.0,126425.0,-149442.0,46,29,7584,173,2026-06-17T23:30:12+00:00,2026-06-17
2026-06-17,23:30:00,SI,FIZ,1847018.0,2017679.0,-170661.0,18350,2248,7584,173,2026-06-17T23:30:12+00:00,2026-06-17
2026-06-17,23:30:00,SI,YUR,-1847018.0,4630818.0,-6477836.0,440,167,7584,173,2026-06-17T23:30:12+00:00,2026-06-17
2026-06-17,23:30:00,SN,FIZ,16311.0,18221.0,-1910.0,426,78,7584,173,2026-06-17T23:30:12+00:00,2026-06-17
2026-06-17,23:30:00,SN,YUR,-16311.0,7504.0,-23815.0,16,15,7584,173,2026-06-17T23:30:12+00:00,2026-06-17
2026-06-17,23:30:00,SP,FIZ,8597.0,9937.0,-1340.0,412,110,7584,173,2026-06-17T23:30:12+00:00,2026-06-17
2026-06-17,23:30:00,SP,YUR,-8597.0,4063.0,-12660.0,13,17,7584,173,2026-06-17T23:30:12+00:00,2026-06-17
2026-06-17,23:30:00,SR,FIZ,133641.0,175037.0,-41396.0,3023,1016,7584,173,2026-06-17T23:30:12+00:00,2026-06-17
2026-06-17,23:30:00,SR,YUR,-133641.0,128979.0,-262620.0,44,47,7584,173,2026-06-17T23:30:12+00:00,2026-06-17
2026-06-17,23:30:00,SS,FIZ,29832.0,790556.0,-760724.0,1770,817,7584,173,2026-06-17T23:30:12+00:00,2026-06-17
2026-06-17,23:30:00,SS,YUR,-29832.0,562193.0,-592025.0,14,14,7584,173,2026-06-17T23:30:12+00:00,2026-06-17
2026-06-17,23:30:00,SV,FIZ,93907.0,170830.0,-76923.0,6123,2720,7584,173,2026-06-17T23:30:12+00:00,2026-06-17
2026-06-17,23:30:00,SV,YUR,-93907.0,105254.0,-199161.0,72,63,7584,173,2026-06-17T23:30:12+00:00,2026-06-17
2026-06-17,23:30:00,TN,FIZ,105519.0,129942.0,-24423.0,538,105,7584,173,2026-06-17T23:30:12+00:00,2026-06-17
2026-06-17,23:30:00,TN,YUR,-105519.0,4773.0,-110292.0,7,12,7584,173,2026-06-17T23:30:12+00:00,2026-06-17
2026-06-17,23:30:00,TT,FIZ,1040.0,2449.0,-1409.0,196,148,7584,173,2026-06-17T23:30:12+00:00,2026-06-17
2026-06-17,23:30:00,TT,YUR,-1040.0,1377.0,-2417.0,8,14,7584,173,2026-06-17T23:30:12+00:00,2026-06-17
2026-06-17,23:30:00,UC,FIZ,-27965.0,5107.0,-33072.0,73,70,7584,173,2026-06-17T23:30:12+00:00,2026-06-17
2026-06-17,23:30:00,UC,YUR,27965.0,174891.0,-146926.0,17,34,7584,173,2026-06-17T23:30:12+00:00,2026-06-17
2026-06-17,23:30:00,USDRUBF,FIZ,316071.0,617236.0,-301165.0,12599,1277,7584,173,2026-06-17T23:30:12+00:00,2026-06-17
2026-06-17,23:30:00,USDRUBF,YUR,-316071.0,136665.0,-452736.0,104,66,7584,173,2026-06-17T23:30:12+00:00,2026-06-17
2026-06-17,23:30:00,VB,FIZ,357194.0,403834.0,-46640.0,2214,747,7584,173,2026-06-17T23:30:12+00:00,2026-06-17
2026-06-17,23:30:00,VB,YUR,-357194.0,253544.0,-610738.0,29,23,7584,173,2026-06-17T23:30:12+00:00,2026-06-17
2026-06-17,23:30:00,VI,FIZ,0.0,646.0,-646.0,27,16,7584,173,2026-06-17T23:30:12+00:00,2026-06-17
2026-06-17,23:30:00,W4,FIZ,7392.0,13920.0,-6528.0,752,83,7584,173,2026-06-17T23:30:12+00:00,2026-06-17
2026-06-17,23:30:00,W4,YUR,-7392.0,2675.0,-10067.0,6,5,7584,173,2026-06-17T23:30:12+00:00,2026-06-17
2026-06-17,23:30:00,X5,FIZ,164730.0,200146.0,-35416.0,1285,246,7584,173,2026-06-17T23:30:12+00:00,2026-06-17
2026-06-17,23:30:00,X5,YUR,-164730.0,201594.0,-366324.0,15,12,7584,173,2026-06-17T23:30:12+00:00,2026-06-17
2026-06-17,23:30:00,YD,FIZ,234076.0,251063.0,-16987.0,1710,289,7584,173,2026-06-17T23:30:12+00:00,2026-06-17
2026-06-17,23:30:00,YD,YUR,-234076.0,195358.0,-429434.0,16,37,7584,173,2026-06-17T23:30:12+00:00,2026-06-17
2026-06-17,23:35:00,AF,FIZ,49561.0,75034.0,-25473.0,916,381,7584,174,2026-06-17T23:35:11+00:00,2026-06-17
2026-06-17,23:35:00,AF,YUR,-49564.0,40470.0,-90034.0,13,14,7584,174,2026-06-17T23:35:11+00:00,2026-06-17
2026-06-17,23:35:00,AL,FIZ,46711.0,83469.0,-36758.0,1013,457,7584,174,2026-06-17T23:35:11+00:00,2026-06-17
2026-06-17,23:35:00,AL,YUR,-46711.0,39886.0,-86597.0,11,19,7584,174,2026-06-17T23:35:11+00:00,2026-06-17
2026-06-17,23:35:00,AU,FIZ,-1.0,1.0,-2.0,1,2,7584,174,2026-06-17T23:35:11+00:00,2026-06-17
2026-06-17,23:35:00,AU,YUR,1.0,1.0,0.0,1,0,7584,174,2026-06-17T23:35:11+00:00,2026-06-17
2026-06-17,23:35:00,BM,FIZ,54948.0,151932.0,-96984.0,5158,1675,7584,174,2026-06-17T23:35:11+00:00,2026-06-17
2026-06-17,23:35:00,BM,YUR,-54948.0,10821.0,-65769.0,14,18,7584,174,2026-06-17T23:35:11+00:00,2026-06-17
2026-06-17,23:35:00,BR,FIZ,120685.0,291435.0,-170750.0,8931,3253,7584,174,2026-06-17T23:35:11+00:00,2026-06-17
2026-06-17,23:35:00,BR,YUR,-120685.0,101730.0,-222415.0,79,55,7584,174,2026-06-17T23:35:11+00:00,2026-06-17
2026-06-17,23:35:00,CC,FIZ,-3953.0,408703.0,-412656.0,3572,2577,7584,174,2026-06-17T23:35:11+00:00,2026-06-17
2026-06-17,23:35:00,CC,YUR,3953.0,31008.0,-27055.0,5,19,7584,174,2026-06-17T23:35:11+00:00,2026-06-17
2026-06-17,23:35:00,CE,FIZ,36234.0,47546.0,-11312.0,949,215,7584,174,2026-06-17T23:35:11+00:00,2026-06-17
2026-06-17,23:35:00,CE,YUR,-36234.0,12523.0,-48757.0,9,3,7584,174,2026-06-17T23:35:11+00:00,2026-06-17
2026-06-17,23:35:00,CH,FIZ,1272.0,1386.0,-114.0,187,24,7584,174,2026-06-17T23:35:11+00:00,2026-06-17
2026-06-17,23:35:00,CH,YUR,-1272.0,1156.0,-2428.0,6,13,7584,174,2026-06-17T23:35:11+00:00,2026-06-17
2026-06-17,23:35:00,CNYRUBF,FIZ,4705753.0,5323798.0,-618045.0,13417,1281,7584,174,2026-06-17T23:35:11+00:00,2026-06-17
2026-06-17,23:35:00,CNYRUBF,YUR,-4705753.0,2985175.0,-7690928.0,118,50,7584,174,2026-06-17T23:35:11+00:00,2026-06-17
2026-06-17,23:35:00,CR,FIZ,6502622.0,7322883.0,-820261.0,19965,2594,7584,174,2026-06-17T23:35:11+00:00,2026-06-17
2026-06-17,23:35:00,CR,YUR,-6502567.0,19558058.0,-26060625.0,317,91,7584,174,2026-06-17T23:35:11+00:00,2026-06-17
2026-06-17,23:35:00,DX,FIZ,-1154.0,4326.0,-5480.0,82,186,7584,174,2026-06-17T23:35:11+00:00,2026-06-17
2026-06-17,23:35:00,DX,YUR,1154.0,1154.0,0.0,3,0,7584,174,2026-06-17T23:35:11+00:00,2026-06-17
2026-06-17,23:35:00,ED,FIZ,54185.0,110804.0,-56619.0,718,483,7584,174,2026-06-17T23:35:11+00:00,2026-06-17
2026-06-17,23:35:00,ED,YUR,-54185.0,410169.0,-464354.0,51,35,7584,174,2026-06-17T23:35:11+00:00,2026-06-17
2026-06-17,23:35:00,EU,FIZ,117361.0,128677.0,-11316.0,1792,173,7584,174,2026-06-17T23:35:11+00:00,2026-06-17
2026-06-17,23:35:00,EU,YUR,-117361.0,1004451.0,-1121812.0,111,64,7584,174,2026-06-17T23:35:11+00:00,2026-06-17
2026-06-17,23:35:00,EURRUBF,FIZ,15646.0,28270.0,-12624.0,1087,212,7584,174,2026-06-17T23:35:11+00:00,2026-06-17
2026-06-17,23:35:00,EURRUBF,YUR,-15646.0,30780.0,-46426.0,34,23,7584,174,2026-06-17T23:35:11+00:00,2026-06-17
2026-06-17,23:35:00,FF,FIZ,30147.0,42171.0,-12024.0,823,206,7584,174,2026-06-17T23:35:11+00:00,2026-06-17
2026-06-17,23:35:00,FF,YUR,-30147.0,77.0,-30224.0,2,1,7584,174,2026-06-17T23:35:11+00:00,2026-06-17
2026-06-17,23:35:00,GAZPF,FIZ,203021.0,213172.0,-10151.0,2485,315,7584,174,2026-06-17T23:35:11+00:00,2026-06-17
2026-06-17,23:35:00,GAZPF,YUR,-203021.0,6536.0,-209557.0,11,19,7584,174,2026-06-17T23:35:11+00:00,2026-06-17
2026-06-17,23:35:00,GD,FIZ,88318.0,111682.0,-23364.0,4372,1601,7584,174,2026-06-17T23:35:11+00:00,2026-06-17
2026-06-17,23:35:00,GD,YUR,-88318.0,121067.0,-209385.0,106,67,7584,174,2026-06-17T23:35:11+00:00,2026-06-17
2026-06-17,23:35:00,GK,FIZ,106842.0,237934.0,-131092.0,1467,602,7584,174,2026-06-17T23:35:11+00:00,2026-06-17
2026-06-17,23:35:00,GK,YUR,-106842.0,268947.0,-375789.0,8,28,7584,174,2026-06-17T23:35:11+00:00,2026-06-17
2026-06-17,23:35:00,GL,FIZ,225304.0,241678.0,-16374.0,2501,349,7584,174,2026-06-17T23:35:11+00:00,2026-06-17
2026-06-17,23:35:00,GL,YUR,-225304.0,779117.0,-1004421.0,46,25,7584,174,2026-06-17T23:35:11+00:00,2026-06-17
2026-06-17,23:35:00,GLDRUBF,FIZ,410385.0,505194.0,-94809.0,5952,1238,7584,174,2026-06-17T23:35:11+00:00,2026-06-17
2026-06-17,23:35:00,GLDRUBF,YUR,-410385.0,200951.0,-611336.0,29,36,7584,174,2026-06-17T23:35:11+00:00,2026-06-17
2026-06-17,23:35:00,GZ,FIZ,390099.0,435724.0,-45625.0,4285,959,7584,174,2026-06-17T23:35:11+00:00,2026-06-17
2026-06-17,23:35:00,GZ,YUR,-390099.0,304771.0,-694870.0,35,45,7584,174,2026-06-17T23:35:11+00:00,2026-06-17
2026-06-17,23:35:00,HS,FIZ,-24048.0,22275.0,-46323.0,248,79,7584,174,2026-06-17T23:35:11+00:00,2026-06-17
2026-06-17,23:35:00,HS,YUR,24048.0,36318.0,-12270.0,3,2,7584,174,2026-06-17T23:35:11+00:00,2026-06-17
2026-06-17,23:35:00,HY,FIZ,6278.0,9978.0,-3700.0,188,82,7584,174,2026-06-17T23:35:11+00:00,2026-06-17
2026-06-17,23:35:00,HY,YUR,-6278.0,9722.0,-16000.0,4,11,7584,174,2026-06-17T23:35:11+00:00,2026-06-17
2026-06-17,23:35:00,IB,FIZ,267114.0,397671.0,-130557.0,1866,348,7584,174,2026-06-17T23:35:11+00:00,2026-06-17
2026-06-17,23:35:00,IB,YUR,-267114.0,158799.0,-425913.0,12,13,7584,174,2026-06-17T23:35:11+00:00,2026-06-17
2026-06-17,23:35:00,IMOEXF,FIZ,413490.0,744224.0,-330734.0,10477,2566,7584,174,2026-06-17T23:35:11+00:00,2026-06-17
2026-06-17,23:35:00,IMOEXF,YUR,-413490.0,56374.0,-469864.0,46,42,7584,174,2026-06-17T23:35:11+00:00,2026-06-17
2026-06-17,23:35:00,KC,FIZ,-6586.0,146315.0,-152901.0,1278,716,7584,174,2026-06-17T23:35:11+00:00,2026-06-17
2026-06-17,23:35:00,KC,YUR,6586.0,9506.0,-2920.0,9,5,7584,174,2026-06-17T23:35:11+00:00,2026-06-17
2026-06-17,23:35:00,LK,FIZ,9785.0,16412.0,-6627.0,978,442,7584,174,2026-06-17T23:35:11+00:00,2026-06-17
2026-06-17,23:35:00,LK,YUR,-9785.0,147327.0,-157112.0,19,37,7584,174,2026-06-17T23:35:11+00:00,2026-06-17
2026-06-17,23:35:00,MC,FIZ,-7036.0,15001.0,-22037.0,408,222,7584,174,2026-06-17T23:35:11+00:00,2026-06-17
2026-06-17,23:35:00,MC,YUR,7036.0,13950.0,-6914.0,9,8,7584,174,2026-06-17T23:35:11+00:00,2026-06-17
2026-06-17,23:35:00,ME,FIZ,6045.0,8682.0,-2637.0,403,149,7584,174,2026-06-17T23:35:11+00:00,2026-06-17
2026-06-17,23:35:00,ME,YUR,-6045.0,21870.0,-27915.0,9,22,7584,174,2026-06-17T23:35:11+00:00,2026-06-17
2026-06-17,23:35:00,MG,FIZ,13104.0,14914.0,-1810.0,864,149,7584,174,2026-06-17T23:35:11+00:00,2026-06-17
2026-06-17,23:35:00,MG,YUR,-13104.0,9050.0,-22154.0,15,22,7584,174,2026-06-17T23:35:11+00:00,2026-06-17
2026-06-17,23:35:00,MM,FIZ,69422.0,188707.0,-119285.0,8174,1834,7584,174,2026-06-17T23:35:11+00:00,2026-06-17
2026-06-17,23:35:00,MM,YUR,-69422.0,17224.0,-86646.0,24,31,7584,174,2026-06-17T23:35:11+00:00,2026-06-17
2026-06-17,23:35:00,MN,FIZ,100295.0,146614.0,-46319.0,1111,368,7584,174,2026-06-17T23:35:11+00:00,2026-06-17
2026-06-17,23:35:00,MN,YUR,-100295.0,32577.0,-132872.0,10,31,7584,174,2026-06-17T23:35:11+00:00,2026-06-17
2026-06-17,23:35:00,MX,FIZ,101931.0,134012.0,-32081.0,4757,1499,7584,174,2026-06-17T23:35:11+00:00,2026-06-17
2026-06-17,23:35:00,MX,YUR,-101931.0,66937.0,-168868.0,75,79,7584,174,2026-06-17T23:35:11+00:00,2026-06-17
2026-06-17,23:35:00,MY,FIZ,-16.0,635.0,-651.0,64,26,7584,174,2026-06-17T23:35:11+00:00,2026-06-17
2026-06-17,23:35:00,MY,YUR,16.0,16.0,0.0,1,0,7584,174,2026-06-17T23:35:11+00:00,2026-06-17
2026-06-17,23:35:00,NA,FIZ,-165321.0,272946.0,-438267.0,1920,3858,7584,174,2026-06-17T23:35:11+00:00,2026-06-17
2026-06-17,23:35:00,NA,YUR,165321.0,372043.0,-206722.0,52,36,7584,174,2026-06-17T23:35:11+00:00,2026-06-17
2026-06-17,23:35:00,NG,FIZ,56212.0,168831.0,-112619.0,4949,3792,7584,174,2026-06-17T23:35:11+00:00,2026-06-17
2026-06-17,23:35:00,NG,YUR,-56212.0,89551.0,-145763.0,40,49,7584,174,2026-06-17T23:35:11+00:00,2026-06-17
2026-06-17,23:35:00,NM,FIZ,38448.0,42310.0,-3862.0,739,172,7584,174,2026-06-17T23:35:11+00:00,2026-06-17
2026-06-17,23:35:00,NM,YUR,-38448.0,7820.0,-46268.0,7,24,7584,174,2026-06-17T23:35:11+00:00,2026-06-17
2026-06-17,23:35:00,NR,FIZ,330474.0,856390.0,-525916.0,3274,1469,7584,174,2026-06-17T23:35:11+00:00,2026-06-17
2026-06-17,23:35:00,NR,YUR,-330474.0,55490.0,-385964.0,6,17,7584,174,2026-06-17T23:35:11+00:00,2026-06-17
2026-06-17,23:35:00,OJ,FIZ,3672.0,19711.0,-16039.0,911,213,7584,174,2026-06-17T23:35:11+00:00,2026-06-17
2026-06-17,23:35:00,OJ,YUR,-3672.0,100.0,-3772.0,2,3,7584,174,2026-06-17T23:35:11+00:00,2026-06-17
2026-06-17,23:35:00,PD,FIZ,14170.0,20013.0,-5843.0,1763,267,7584,174,2026-06-17T23:35:11+00:00,2026-06-17
2026-06-17,23:35:00,PD,YUR,-14170.0,10920.0,-25090.0,20,27,7584,174,2026-06-17T23:35:11+00:00,2026-06-17
2026-06-17,23:35:00,PT,FIZ,2627.0,7730.0,-5103.0,1176,214,7584,174,2026-06-17T23:35:11+00:00,2026-06-17
2026-06-17,23:35:00,PT,YUR,-2627.0,16955.0,-19582.0,18,28,7584,174,2026-06-17T23:35:11+00:00,2026-06-17
2026-06-17,23:35:00,RB,FIZ,456732.0,535581.0,-78849.0,2688,507,7584,174,2026-06-17T23:35:11+00:00,2026-06-17
2026-06-17,23:35:00,RB,YUR,-456732.0,141046.0,-597778.0,18,15,7584,174,2026-06-17T23:35:11+00:00,2026-06-17
2026-06-17,23:35:00,RI,FIZ,8405.0,25169.0,-16764.0,1407,936,7584,174,2026-06-17T23:35:11+00:00,2026-06-17
2026-06-17,23:35:00,RI,YUR,-8405.0,11470.0,-19875.0,33,48,7584,174,2026-06-17T23:35:11+00:00,2026-06-17
2026-06-17,23:35:00,RL,FIZ,0.0,32344.0,-32344.0,561,172,7584,174,2026-06-17T23:35:11+00:00,2026-06-17
2026-06-17,23:35:00,RL,YUR,0.0,42733.0,-42733.0,14,15,7584,174,2026-06-17T23:35:11+00:00,2026-06-17
2026-06-17,23:35:00,RM,FIZ,994.0,7189.0,-6195.0,471,381,7584,174,2026-06-17T23:35:11+00:00,2026-06-17
2026-06-17,23:35:00,RM,YUR,-994.0,794.0,-1788.0,6,8,7584,174,2026-06-17T23:35:11+00:00,2026-06-17
2026-06-17,23:35:00,RN,FIZ,17636.0,20541.0,-2905.0,1028,319,7584,174,2026-06-17T23:35:11+00:00,2026-06-17
2026-06-17,23:35:00,RN,YUR,-17636.0,6272.0,-23908.0,16,17,7584,174,2026-06-17T23:35:11+00:00,2026-06-17
2026-06-17,23:35:00,SBERF,FIZ,48217.0,66277.0,-18060.0,1357,505,7584,174,2026-06-17T23:35:11+00:00,2026-06-17
2026-06-17,23:35:00,SBERF,YUR,-48217.0,44024.0,-92241.0,18,19,7584,174,2026-06-17T23:35:11+00:00,2026-06-17
2026-06-17,23:35:00,SE,FIZ,16682.0,20870.0,-4188.0,144,47,7584,174,2026-06-17T23:35:11+00:00,2026-06-17
2026-06-17,23:35:00,SE,YUR,-16682.0,10434.0,-27116.0,7,16,7584,174,2026-06-17T23:35:11+00:00,2026-06-17
2026-06-17,23:35:00,SF,FIZ,22971.0,158400.0,-135429.0,1447,3721,7584,174,2026-06-17T23:35:11+00:00,2026-06-17
2026-06-17,23:35:00,SF,YUR,-22971.0,126496.0,-149467.0,46,29,7584,174,2026-06-17T23:35:11+00:00,2026-06-17
2026-06-17,23:35:00,SI,FIZ,1846928.0,2017526.0,-170598.0,18344,2244,7584,174,2026-06-17T23:35:11+00:00,2026-06-17
2026-06-17,23:35:00,SI,YUR,-1846931.0,4630784.0,-6477715.0,442,163,7584,174,2026-06-17T23:35:11+00:00,2026-06-17
2026-06-17,23:35:00,SN,FIZ,16311.0,18221.0,-1910.0,426,78,7584,174,2026-06-17T23:35:11+00:00,2026-06-17
2026-06-17,23:35:00,SN,YUR,-16311.0,7509.0,-23820.0,15,16,7584,174,2026-06-17T23:35:11+00:00,2026-06-17
2026-06-17,23:35:00,SP,FIZ,8598.0,9936.0,-1338.0,412,110,7584,174,2026-06-17T23:35:11+00:00,2026-06-17
2026-06-17,23:35:00,SP,YUR,-8598.0,4062.0,-12660.0,12,17,7584,174,2026-06-17T23:35:11+00:00,2026-06-17
2026-06-17,23:35:00,SR,FIZ,133650.0,175015.0,-41365.0,3019,1014,7584,174,2026-06-17T23:35:11+00:00,2026-06-17
2026-06-17,23:35:00,SR,YUR,-133650.0,128969.0,-262619.0,43,46,7584,174,2026-06-17T23:35:11+00:00,2026-06-17
2026-06-17,23:35:00,SS,FIZ,29747.0,790175.0,-760428.0,1769,817,7584,174,2026-06-17T23:35:11+00:00,2026-06-17
2026-06-17,23:35:00,SS,YUR,-29747.0,561889.0,-591636.0,13,13,7584,174,2026-06-17T23:35:11+00:00,2026-06-17
2026-06-17,23:35:00,SV,FIZ,93945.0,170232.0,-76287.0,6103,2705,7584,174,2026-06-17T23:35:11+00:00,2026-06-17
2026-06-17,23:35:00,SV,YUR,-93945.0,105398.0,-199343.0,71,61,7584,174,2026-06-17T23:35:11+00:00,2026-06-17
2026-06-17,23:35:00,TN,FIZ,105519.0,129933.0,-24414.0,538,105,7584,174,2026-06-17T23:35:11+00:00,2026-06-17
2026-06-17,23:35:00,TN,YUR,-105519.0,4773.0,-110292.0,7,12,7584,174,2026-06-17T23:35:11+00:00,2026-06-17
2026-06-17,23:35:00,TT,FIZ,1040.0,2449.0,-1409.0,196,148,7584,174,2026-06-17T23:35:11+00:00,2026-06-17
2026-06-17,23:35:00,TT,YUR,-1040.0,1377.0,-2417.0,8,14,7584,174,2026-06-17T23:35:11+00:00,2026-06-17
2026-06-17,23:35:00,UC,FIZ,-27663.0,5102.0,-32765.0,73,71,7584,174,2026-06-17T23:35:11+00:00,2026-06-17
2026-06-17,23:35:00,UC,YUR,27663.0,174738.0,-147075.0,17,34,7584,174,2026-06-17T23:35:11+00:00,2026-06-17
2026-06-17,23:35:00,USDRUBF,FIZ,315794.0,617323.0,-301529.0,12601,1275,7584,174,2026-06-17T23:35:11+00:00,2026-06-17
2026-06-17,23:35:00,USDRUBF,YUR,-315784.0,136729.0,-452513.0,102,66,7584,174,2026-06-17T23:35:11+00:00,2026-06-17
2026-06-17,23:35:00,VB,FIZ,357731.0,404366.0,-46635.0,2211,747,7584,174,2026-06-17T23:35:11+00:00,2026-06-17
2026-06-17,23:35:00,VB,YUR,-357742.0,252987.0,-610729.0,28,21,7584,174,2026-06-17T23:35:11+00:00,2026-06-17
2026-06-17,23:35:00,VI,FIZ,0.0,646.0,-646.0,27,16,7584,174,2026-06-17T23:35:11+00:00,2026-06-17
2026-06-17,23:35:00,W4,FIZ,7392.0,13920.0,-6528.0,752,83,7584,174,2026-06-17T23:35:11+00:00,2026-06-17
2026-06-17,23:35:00,W4,YUR,-7392.0,2675.0,-10067.0,6,5,7584,174,2026-06-17T23:35:11+00:00,2026-06-17
2026-06-17,23:35:00,X5,FIZ,164732.0,200149.0,-35417.0,1286,247,7584,174,2026-06-17T23:35:11+00:00,2026-06-17
2026-06-17,23:35:00,X5,YUR,-164732.0,201596.0,-366328.0,14,12,7584,174,2026-06-17T23:35:11+00:00,2026-06-17
2026-06-17,23:35:00,YD,FIZ,233888.0,250977.0,-17089.0,1710,288,7584,174,2026-06-17T23:35:11+00:00,2026-06-17
2026-06-17,23:35:00,YD,YUR,-233888.0,195426.0,-429314.0,15,34,7584,174,2026-06-17T23:35:11+00:00,2026-06-17
2026-06-17,23:40:00,AF,FIZ,49561.0,75035.0,-25474.0,915,382,7584,175,2026-06-17T23:40:11+00:00,2026-06-17
2026-06-17,23:40:00,AF,YUR,-49561.0,40470.0,-90031.0,13,14,7584,175,2026-06-17T23:40:11+00:00,2026-06-17
2026-06-17,23:40:00,AL,FIZ,46731.0,83499.0,-36768.0,1014,457,7584,175,2026-06-17T23:40:11+00:00,2026-06-17
2026-06-17,23:40:00,AL,YUR,-46731.0,39866.0,-86597.0,11,19,7584,175,2026-06-17T23:40:11+00:00,2026-06-17
2026-06-17,23:40:00,AU,FIZ,-1.0,1.0,-2.0,1,2,7584,175,2026-06-17T23:40:11+00:00,2026-06-17
2026-06-17,23:40:00,AU,YUR,1.0,1.0,0.0,1,0,7584,175,2026-06-17T23:40:11+00:00,2026-06-17
2026-06-17,23:40:00,BM,FIZ,55046.0,151974.0,-96928.0,5151,1674,7584,175,2026-06-17T23:40:11+00:00,2026-06-17
2026-06-17,23:40:00,BM,YUR,-55046.0,10843.0,-65889.0,14,18,7584,175,2026-06-17T23:40:11+00:00,2026-06-17
2026-06-17,23:40:00,BR,FIZ,120440.0,290847.0,-170407.0,8888,3240,7584,175,2026-06-17T23:40:11+00:00,2026-06-17
2026-06-17,23:40:00,BR,YUR,-120440.0,102004.0,-222444.0,79,42,7584,175,2026-06-17T23:40:11+00:00,2026-06-17
2026-06-17,23:40:00,CC,FIZ,-4101.0,407823.0,-411924.0,3574,2572,7584,175,2026-06-17T23:40:11+00:00,2026-06-17
2026-06-17,23:40:00,CC,YUR,4101.0,31065.0,-26964.0,6,18,7584,175,2026-06-17T23:40:11+00:00,2026-06-17
2026-06-17,23:40:00,CE,FIZ,36229.0,47536.0,-11307.0,950,214,7584,175,2026-06-17T23:40:11+00:00,2026-06-17
2026-06-17,23:40:00,CE,YUR,-36229.0,12528.0,-48757.0,10,3,7584,175,2026-06-17T23:40:11+00:00,2026-06-17
2026-06-17,23:40:00,CH,FIZ,1272.0,1386.0,-114.0,187,24,7584,175,2026-06-17T23:40:11+00:00,2026-06-17
2026-06-17,23:40:00,CH,YUR,-1272.0,1156.0,-2428.0,6,13,7584,175,2026-06-17T23:40:11+00:00,2026-06-17
2026-06-17,23:40:00,CNYRUBF,FIZ,4707575.0,5325703.0,-618128.0,13416,1280,7584,175,2026-06-17T23:40:11+00:00,2026-06-17
2026-06-17,23:40:00,CNYRUBF,YUR,-4707575.0,2983637.0,-7691212.0,116,49,7584,175,2026-06-17T23:40:11+00:00,2026-06-17
2026-06-17,23:40:00,CR,FIZ,6502301.0,7322248.0,-819947.0,19964,2591,7584,175,2026-06-17T23:40:11+00:00,2026-06-17
2026-06-17,23:40:00,CR,YUR,-6502301.0,19558947.0,-26061248.0,317,90,7584,175,2026-06-17T23:40:11+00:00,2026-06-17
2026-06-17,23:40:00,DX,FIZ,-1154.0,4326.0,-5480.0,82,186,7584,175,2026-06-17T23:40:11+00:00,2026-06-17
2026-06-17,23:40:00,DX,YUR,1154.0,1154.0,0.0,3,0,7584,175,2026-06-17T23:40:11+00:00,2026-06-17
2026-06-17,23:40:00,ED,FIZ,53931.0,110783.0,-56852.0,720,483,7584,175,2026-06-17T23:40:11+00:00,2026-06-17
2026-06-17,23:40:00,ED,YUR,-53931.0,410049.0,-463980.0,51,36,7584,175,2026-06-17T23:40:11+00:00,2026-06-17
2026-06-17,23:40:00,EU,FIZ,117277.0,128574.0,-11297.0,1790,173,7584,175,2026-06-17T23:40:11+00:00,2026-06-17
2026-06-17,23:40:00,EU,YUR,-117277.0,1004483.0,-1121760.0,109,65,7584,175,2026-06-17T23:40:11+00:00,2026-06-17
2026-06-17,23:40:00,EURRUBF,FIZ,15670.0,28235.0,-12565.0,1086,212,7584,175,2026-06-17T23:40:11+00:00,2026-06-17
2026-06-17,23:40:00,EURRUBF,YUR,-15670.0,30771.0,-46441.0,34,23,7584,175,2026-06-17T23:40:11+00:00,2026-06-17
2026-06-17,23:40:00,FF,FIZ,31471.0,42817.0,-11346.0,822,206,7584,175,2026-06-17T23:40:11+00:00,2026-06-17
2026-06-17,23:40:00,FF,YUR,-31471.0,75.0,-31546.0,1,1,7584,175,2026-06-17T23:40:11+00:00,2026-06-17
2026-06-17,23:40:00,GAZPF,FIZ,203057.0,213207.0,-10150.0,2486,315,7584,175,2026-06-17T23:40:11+00:00,2026-06-17
2026-06-17,23:40:00,GAZPF,YUR,-203057.0,6526.0,-209583.0,10,19,7584,175,2026-06-17T23:40:11+00:00,2026-06-17
2026-06-17,23:40:00,GD,FIZ,88150.0,111563.0,-23413.0,4369,1596,7584,175,2026-06-17T23:40:11+00:00,2026-06-17
2026-06-17,23:40:00,GD,YUR,-88150.0,121295.0,-209445.0,100,67,7584,175,2026-06-17T23:40:11+00:00,2026-06-17
2026-06-17,23:40:00,GK,FIZ,106698.0,237780.0,-131082.0,1467,603,7584,175,2026-06-17T23:40:11+00:00,2026-06-17
2026-06-17,23:40:00,GK,YUR,-106698.0,268822.0,-375520.0,7,27,7584,175,2026-06-17T23:40:11+00:00,2026-06-17
2026-06-17,23:40:00,GL,FIZ,225301.0,241648.0,-16347.0,2498,347,7584,175,2026-06-17T23:40:11+00:00,2026-06-17
2026-06-17,23:40:00,GL,YUR,-225301.0,779129.0,-1004430.0,46,25,7584,175,2026-06-17T23:40:11+00:00,2026-06-17
2026-06-17,23:40:00,GLDRUBF,FIZ,410114.0,504911.0,-94797.0,5951,1238,7584,175,2026-06-17T23:40:11+00:00,2026-06-17
2026-06-17,23:40:00,GLDRUBF,YUR,-410114.0,201224.0,-611338.0,29,36,7584,175,2026-06-17T23:40:11+00:00,2026-06-17
2026-06-17,23:40:00,GZ,FIZ,390359.0,435961.0,-45602.0,4288,961,7584,175,2026-06-17T23:40:11+00:00,2026-06-17
2026-06-17,23:40:00,GZ,YUR,-390359.0,304601.0,-694960.0,34,45,7584,175,2026-06-17T23:40:11+00:00,2026-06-17
2026-06-17,23:40:00,HS,FIZ,-24048.0,22275.0,-46323.0,248,79,7584,175,2026-06-17T23:40:11+00:00,2026-06-17
2026-06-17,23:40:00,HS,YUR,24048.0,36318.0,-12270.0,3,2,7584,175,2026-06-17T23:40:11+00:00,2026-06-17
2026-06-17,23:40:00,HY,FIZ,6279.0,9980.0,-3701.0,189,82,7584,175,2026-06-17T23:40:11+00:00,2026-06-17
2026-06-17,23:40:00,HY,YUR,-6279.0,9682.0,-15961.0,4,10,7584,175,2026-06-17T23:40:11+00:00,2026-06-17
2026-06-17,23:40:00,IB,FIZ,267322.0,397934.0,-130612.0,1867,349,7584,175,2026-06-17T23:40:11+00:00,2026-06-17
2026-06-17,23:40:00,IB,YUR,-267322.0,158799.0,-426121.0,12,13,7584,175,2026-06-17T23:40:11+00:00,2026-06-17
2026-06-17,23:40:00,IMOEXF,FIZ,413162.0,744052.0,-330890.0,10479,2563,7584,175,2026-06-17T23:40:11+00:00,2026-06-17
2026-06-17,23:40:00,IMOEXF,YUR,-413162.0,56353.0,-469515.0,46,38,7584,175,2026-06-17T23:40:11+00:00,2026-06-17
2026-06-17,23:40:00,KC,FIZ,-6586.0,146307.0,-152893.0,1280,716,7584,175,2026-06-17T23:40:11+00:00,2026-06-17
2026-06-17,23:40:00,KC,YUR,6586.0,9506.0,-2920.0,9,5,7584,175,2026-06-17T23:40:11+00:00,2026-06-17
2026-06-17,23:40:00,LK,FIZ,9764.0,16362.0,-6598.0,975,443,7584,175,2026-06-17T23:40:11+00:00,2026-06-17
2026-06-17,23:40:00,LK,YUR,-9764.0,147217.0,-156981.0,17,35,7584,175,2026-06-17T23:40:11+00:00,2026-06-17
2026-06-17,23:40:00,MC,FIZ,-7040.0,14997.0,-22037.0,408,222,7584,175,2026-06-17T23:40:11+00:00,2026-06-17
2026-06-17,23:40:00,MC,YUR,7040.0,13954.0,-6914.0,9,8,7584,175,2026-06-17T23:40:11+00:00,2026-06-17
2026-06-17,23:40:00,ME,FIZ,6045.0,8677.0,-2632.0,403,149,7584,175,2026-06-17T23:40:11+00:00,2026-06-17
2026-06-17,23:40:00,ME,YUR,-6045.0,21870.0,-27915.0,9,22,7584,175,2026-06-17T23:40:11+00:00,2026-06-17
2026-06-17,23:40:00,MG,FIZ,13101.0,14913.0,-1812.0,864,149,7584,175,2026-06-17T23:40:11+00:00,2026-06-17
2026-06-17,23:40:00,MG,YUR,-13101.0,9053.0,-22154.0,15,22,7584,175,2026-06-17T23:40:11+00:00,2026-06-17
2026-06-17,23:40:00,MM,FIZ,69454.0,188807.0,-119353.0,8172,1836,7584,175,2026-06-17T23:40:11+00:00,2026-06-17
2026-06-17,23:40:00,MM,YUR,-69454.0,17190.0,-86644.0,23,31,7584,175,2026-06-17T23:40:11+00:00,2026-06-17
2026-06-17,23:40:00,MN,FIZ,100287.0,146628.0,-46341.0,1110,369,7584,175,2026-06-17T23:40:11+00:00,2026-06-17
2026-06-17,23:40:00,MN,YUR,-100287.0,32648.0,-132935.0,10,30,7584,175,2026-06-17T23:40:11+00:00,2026-06-17
2026-06-17,23:40:00,MX,FIZ,101900.0,133961.0,-32061.0,4757,1503,7584,175,2026-06-17T23:40:11+00:00,2026-06-17
2026-06-17,23:40:00,MX,YUR,-101900.0,66877.0,-168777.0,72,73,7584,175,2026-06-17T23:40:11+00:00,2026-06-17
2026-06-17,23:40:00,MY,FIZ,-16.0,635.0,-651.0,64,26,7584,175,2026-06-17T23:40:11+00:00,2026-06-17
2026-06-17,23:40:00,MY,YUR,16.0,16.0,0.0,1,0,7584,175,2026-06-17T23:40:11+00:00,2026-06-17
2026-06-17,23:40:00,NA,FIZ,-165613.0,272205.0,-437818.0,1912,3838,7584,175,2026-06-17T23:40:11+00:00,2026-06-17
2026-06-17,23:40:00,NA,YUR,165574.0,372300.0,-206726.0,52,36,7584,175,2026-06-17T23:40:11+00:00,2026-06-17
2026-06-17,23:40:00,NG,FIZ,56705.0,168510.0,-111805.0,4941,3783,7584,175,2026-06-17T23:40:11+00:00,2026-06-17
2026-06-17,23:40:00,NG,YUR,-56705.0,88488.0,-145193.0,42,47,7584,175,2026-06-17T23:40:11+00:00,2026-06-17
2026-06-17,23:40:00,NM,FIZ,38447.0,42307.0,-3860.0,740,172,7584,175,2026-06-17T23:40:11+00:00,2026-06-17
2026-06-17,23:40:00,NM,YUR,-38447.0,7814.0,-46261.0,7,24,7584,175,2026-06-17T23:40:11+00:00,2026-06-17
2026-06-17,23:40:00,NR,FIZ,330575.0,855157.0,-524582.0,3271,1470,7584,175,2026-06-17T23:40:11+00:00,2026-06-17
2026-06-17,23:40:00,NR,YUR,-330575.0,55489.0,-386064.0,6,17,7584,175,2026-06-17T23:40:11+00:00,2026-06-17
2026-06-17,23:40:00,OJ,FIZ,3672.0,19715.0,-16043.0,912,213,7584,175,2026-06-17T23:40:11+00:00,2026-06-17
2026-06-17,23:40:00,OJ,YUR,-3672.0,100.0,-3772.0,2,3,7584,175,2026-06-17T23:40:11+00:00,2026-06-17
2026-06-17,23:40:00,PD,FIZ,14171.0,20001.0,-5830.0,1762,265,7584,175,2026-06-17T23:40:11+00:00,2026-06-17
2026-06-17,23:40:00,PD,YUR,-14171.0,10920.0,-25091.0,20,27,7584,175,2026-06-17T23:40:11+00:00,2026-06-17
2026-06-17,23:40:00,PT,FIZ,2588.0,7673.0,-5085.0,1173,218,7584,175,2026-06-17T23:40:11+00:00,2026-06-17
2026-06-17,23:40:00,PT,YUR,-2588.0,17000.0,-19588.0,18,28,7584,175,2026-06-17T23:40:11+00:00,2026-06-17
2026-06-17,23:40:00,RB,FIZ,456732.0,535581.0,-78849.0,2688,507,7584,175,2026-06-17T23:40:11+00:00,2026-06-17
2026-06-17,23:40:00,RB,YUR,-456732.0,141046.0,-597778.0,18,15,7584,175,2026-06-17T23:40:11+00:00,2026-06-17
2026-06-17,23:40:00,RI,FIZ,8343.0,25118.0,-16775.0,1406,936,7584,175,2026-06-17T23:40:11+00:00,2026-06-17
2026-06-17,23:40:00,RI,YUR,-8343.0,11498.0,-19841.0,32,45,7584,175,2026-06-17T23:40:11+00:00,2026-06-17
2026-06-17,23:40:00,RL,FIZ,2.0,32344.0,-32342.0,561,171,7584,175,2026-06-17T23:40:11+00:00,2026-06-17
2026-06-17,23:40:00,RL,YUR,-2.0,42731.0,-42733.0,14,15,7584,175,2026-06-17T23:40:11+00:00,2026-06-17
2026-06-17,23:40:00,RM,FIZ,996.0,7190.0,-6194.0,471,380,7584,175,2026-06-17T23:40:11+00:00,2026-06-17
2026-06-17,23:40:00,RM,YUR,-996.0,792.0,-1788.0,6,8,7584,175,2026-06-17T23:40:11+00:00,2026-06-17
2026-06-17,23:40:00,RN,FIZ,17633.0,20551.0,-2918.0,1027,321,7584,175,2026-06-17T23:40:11+00:00,2026-06-17
2026-06-17,23:40:00,RN,YUR,-17633.0,6260.0,-23893.0,14,17,7584,175,2026-06-17T23:40:11+00:00,2026-06-17
2026-06-17,23:40:00,SBERF,FIZ,48274.0,66320.0,-18046.0,1359,504,7584,175,2026-06-17T23:40:11+00:00,2026-06-17
2026-06-17,23:40:00,SBERF,YUR,-48274.0,43941.0,-92215.0,16,19,7584,175,2026-06-17T23:40:11+00:00,2026-06-17
2026-06-17,23:40:00,SE,FIZ,16682.0,20870.0,-4188.0,144,47,7584,175,2026-06-17T23:40:11+00:00,2026-06-17
2026-06-17,23:40:00,SE,YUR,-16682.0,10434.0,-27116.0,7,16,7584,175,2026-06-17T23:40:11+00:00,2026-06-17
2026-06-17,23:40:00,SF,FIZ,23034.0,158445.0,-135411.0,1444,3720,7584,175,2026-06-17T23:40:11+00:00,2026-06-17
2026-06-17,23:40:00,SF,YUR,-23034.0,126450.0,-149484.0,46,30,7584,175,2026-06-17T23:40:11+00:00,2026-06-17
2026-06-17,23:40:00,SI,FIZ,1846706.0,2017321.0,-170615.0,18341,2243,7584,175,2026-06-17T23:40:11+00:00,2026-06-17
2026-06-17,23:40:00,SI,YUR,-1846704.0,4630989.0,-6477693.0,440,163,7584,175,2026-06-17T23:40:11+00:00,2026-06-17
2026-06-17,23:40:00,SN,FIZ,16311.0,18221.0,-1910.0,426,78,7584,175,2026-06-17T23:40:11+00:00,2026-06-17
2026-06-17,23:40:00,SN,YUR,-16311.0,7509.0,-23820.0,15,16,7584,175,2026-06-17T23:40:11+00:00,2026-06-17
2026-06-17,23:40:00,SP,FIZ,8584.0,9923.0,-1339.0,413,111,7584,175,2026-06-17T23:40:11+00:00,2026-06-17
2026-06-17,23:40:00,SP,YUR,-8584.0,4058.0,-12642.0,12,17,7584,175,2026-06-17T23:40:11+00:00,2026-06-17
2026-06-17,23:40:00,SR,FIZ,133828.0,174701.0,-40873.0,3018,1013,7584,175,2026-06-17T23:40:11+00:00,2026-06-17
2026-06-17,23:40:00,SR,YUR,-133828.0,128698.0,-262526.0,41,46,7584,175,2026-06-17T23:40:11+00:00,2026-06-17
2026-06-17,23:40:00,SS,FIZ,29747.0,779261.0,-749514.0,1768,815,7584,175,2026-06-17T23:40:11+00:00,2026-06-17
2026-06-17,23:40:00,SS,YUR,-29747.0,561889.0,-591636.0,13,13,7584,175,2026-06-17T23:40:11+00:00,2026-06-17
2026-06-17,23:40:00,SV,FIZ,93515.0,169420.0,-75905.0,6084,2683,7584,175,2026-06-17T23:40:11+00:00,2026-06-17
2026-06-17,23:40:00,SV,YUR,-93515.0,105604.0,-199119.0,71,61,7584,175,2026-06-17T23:40:11+00:00,2026-06-17
2026-06-17,23:40:00,TN,FIZ,105519.0,129933.0,-24414.0,538,105,7584,175,2026-06-17T23:40:11+00:00,2026-06-17
2026-06-17,23:40:00,TN,YUR,-105519.0,4773.0,-110292.0,7,12,7584,175,2026-06-17T23:40:11+00:00,2026-06-17
2026-06-17,23:40:00,TT,FIZ,1040.0,2449.0,-1409.0,196,148,7584,175,2026-06-17T23:40:11+00:00,2026-06-17
2026-06-17,23:40:00,TT,YUR,-1040.0,1377.0,-2417.0,8,14,7584,175,2026-06-17T23:40:11+00:00,2026-06-17
2026-06-17,23:40:00,UC,FIZ,-27606.0,5102.0,-32708.0,73,70,7584,175,2026-06-17T23:40:11+00:00,2026-06-17
2026-06-17,23:40:00,UC,YUR,27606.0,174676.0,-147070.0,17,34,7584,175,2026-06-17T23:40:11+00:00,2026-06-17
2026-06-17,23:40:00,USDRUBF,FIZ,315774.0,617343.0,-301569.0,12601,1274,7584,175,2026-06-17T23:40:11+00:00,2026-06-17
2026-06-17,23:40:00,USDRUBF,YUR,-315774.0,136689.0,-452463.0,101,66,7584,175,2026-06-17T23:40:11+00:00,2026-06-17
2026-06-17,23:40:00,VB,FIZ,359850.0,406672.0,-46822.0,2199,749,7584,175,2026-06-17T23:40:11+00:00,2026-06-17
2026-06-17,23:40:00,VB,YUR,-359849.0,252241.0,-612090.0,28,20,7584,175,2026-06-17T23:40:11+00:00,2026-06-17
2026-06-17,23:40:00,VI,FIZ,0.0,646.0,-646.0,27,16,7584,175,2026-06-17T23:40:11+00:00,2026-06-17
2026-06-17,23:40:00,W4,FIZ,7392.0,13920.0,-6528.0,752,83,7584,175,2026-06-17T23:40:11+00:00,2026-06-17
2026-06-17,23:40:00,W4,YUR,-7392.0,2675.0,-10067.0,6,5,7584,175,2026-06-17T23:40:11+00:00,2026-06-17
2026-06-17,23:40:00,X5,FIZ,164003.0,199419.0,-35416.0,1288,246,7584,175,2026-06-17T23:40:11+00:00,2026-06-17
2026-06-17,23:40:00,X5,YUR,-164003.0,202445.0,-366448.0,13,12,7584,175,2026-06-17T23:40:11+00:00,2026-06-17
2026-06-17,23:40:00,YD,FIZ,233855.0,250944.0,-17089.0,1710,288,7584,175,2026-06-17T23:40:11+00:00,2026-06-17
2026-06-17,23:40:00,YD,YUR,-233855.0,195428.0,-429283.0,14,35,7584,175,2026-06-17T23:40:11+00:00,2026-06-17
2026-06-17,23:45:00,AF,FIZ,49561.0,75035.0,-25474.0,915,382,7584,176,2026-06-17T23:45:11+00:00,2026-06-17
2026-06-17,23:45:00,AF,YUR,-49561.0,40470.0,-90031.0,13,14,7584,176,2026-06-17T23:45:11+00:00,2026-06-17
2026-06-17,23:45:00,AL,FIZ,46725.0,83465.0,-36740.0,1012,458,7584,176,2026-06-17T23:45:11+00:00,2026-06-17
2026-06-17,23:45:00,AL,YUR,-46725.0,39872.0,-86597.0,11,19,7584,176,2026-06-17T23:45:11+00:00,2026-06-17
2026-06-17,23:45:00,AU,FIZ,-1.0,1.0,-2.0,1,2,7584,176,2026-06-17T23:45:11+00:00,2026-06-17
2026-06-17,23:45:00,AU,YUR,1.0,1.0,0.0,1,0,7584,176,2026-06-17T23:45:11+00:00,2026-06-17
2026-06-17,23:45:00,BM,FIZ,55309.0,151992.0,-96683.0,5146,1670,7584,176,2026-06-17T23:45:11+00:00,2026-06-17
2026-06-17,23:45:00,BM,YUR,-55309.0,10755.0,-66064.0,14,18,7584,176,2026-06-17T23:45:11+00:00,2026-06-17
2026-06-17,23:45:00,BR,FIZ,120704.0,290196.0,-169492.0,8880,3218,7584,176,2026-06-17T23:45:11+00:00,2026-06-17
2026-06-17,23:45:00,BR,YUR,-120704.0,101715.0,-222419.0,78,41,7584,176,2026-06-17T23:45:11+00:00,2026-06-17
2026-06-17,23:45:00,CC,FIZ,-4588.0,407350.0,-411938.0,3567,2571,7584,176,2026-06-17T23:45:11+00:00,2026-06-17
2026-06-17,23:45:00,CC,YUR,4588.0,30959.0,-26371.0,4,16,7584,176,2026-06-17T23:45:11+00:00,2026-06-17
2026-06-17,23:45:00,CE,FIZ,36234.0,47541.0,-11307.0,948,214,7584,176,2026-06-17T23:45:11+00:00,2026-06-17
2026-06-17,23:45:00,CE,YUR,-36234.0,12523.0,-48757.0,9,3,7584,176,2026-06-17T23:45:11+00:00,2026-06-17
2026-06-17,23:45:00,CH,FIZ,1272.0,1386.0,-114.0,187,24,7584,176,2026-06-17T23:45:11+00:00,2026-06-17
2026-06-17,23:45:00,CH,YUR,-1272.0,1156.0,-2428.0,6,13,7584,176,2026-06-17T23:45:11+00:00,2026-06-17
2026-06-17,23:45:00,CNYRUBF,FIZ,4708028.0,5326137.0,-618109.0,13413,1281,7584,176,2026-06-17T23:45:11+00:00,2026-06-17
2026-06-17,23:45:00,CNYRUBF,YUR,-4708028.0,2983242.0,-7691270.0,116,48,7584,176,2026-06-17T23:45:11+00:00,2026-06-17
2026-06-17,23:45:00,CR,FIZ,6498103.0,7317767.0,-819664.0,19958,2589,7584,176,2026-06-17T23:45:11+00:00,2026-06-17
2026-06-17,23:45:00,CR,YUR,-6498103.0,19563255.0,-26061358.0,313,88,7584,176,2026-06-17T23:45:11+00:00,2026-06-17
2026-06-17,23:45:00,DX,FIZ,-1154.0,4326.0,-5480.0,82,186,7584,176,2026-06-17T23:45:11+00:00,2026-06-17
2026-06-17,23:45:00,DX,YUR,1154.0,1154.0,0.0,3,0,7584,176,2026-06-17T23:45:11+00:00,2026-06-17
2026-06-17,23:45:00,ED,FIZ,54729.0,109535.0,-54806.0,721,482,7584,176,2026-06-17T23:45:11+00:00,2026-06-17
2026-06-17,23:45:00,ED,YUR,-54729.0,408228.0,-462957.0,51,36,7584,176,2026-06-17T23:45:11+00:00,2026-06-17
2026-06-17,23:45:00,EU,FIZ,117304.0,128584.0,-11280.0,1791,171,7584,176,2026-06-17T23:45:11+00:00,2026-06-17
2026-06-17,23:45:00,EU,YUR,-117304.0,1004595.0,-1121899.0,109,66,7584,176,2026-06-17T23:45:11+00:00,2026-06-17
2026-06-17,23:45:00,EURRUBF,FIZ,15687.0,28235.0,-12548.0,1088,212,7584,176,2026-06-17T23:45:11+00:00,2026-06-17
2026-06-17,23:45:00,EURRUBF,YUR,-15687.0,30759.0,-46446.0,34,23,7584,176,2026-06-17T23:45:11+00:00,2026-06-17
2026-06-17,23:45:00,FF,FIZ,31465.0,42811.0,-11346.0,822,206,7584,176,2026-06-17T23:45:11+00:00,2026-06-17
2026-06-17,23:45:00,FF,YUR,-31465.0,81.0,-31546.0,3,1,7584,176,2026-06-17T23:45:11+00:00,2026-06-17
2026-06-17,23:45:00,GAZPF,FIZ,203073.0,213188.0,-10115.0,2486,314,7584,176,2026-06-17T23:45:11+00:00,2026-06-17
2026-06-17,23:45:00,GAZPF,YUR,-203073.0,6526.0,-209599.0,10,19,7584,176,2026-06-17T23:45:11+00:00,2026-06-17
2026-06-17,23:45:00,GD,FIZ,88045.0,111311.0,-23266.0,4360,1590,7584,176,2026-06-17T23:45:11+00:00,2026-06-17
2026-06-17,23:45:00,GD,YUR,-88045.0,121390.0,-209435.0,99,66,7584,176,2026-06-17T23:45:11+00:00,2026-06-17
2026-06-17,23:45:00,GK,FIZ,106696.0,237772.0,-131076.0,1467,606,7584,176,2026-06-17T23:45:11+00:00,2026-06-17
2026-06-17,23:45:00,GK,YUR,-106696.0,268822.0,-375518.0,7,27,7584,176,2026-06-17T23:45:11+00:00,2026-06-17
2026-06-17,23:45:00,GL,FIZ,225295.0,241652.0,-16357.0,2498,348,7584,176,2026-06-17T23:45:11+00:00,2026-06-17
2026-06-17,23:45:00,GL,YUR,-225295.0,779131.0,-1004426.0,46,25,7584,176,2026-06-17T23:45:11+00:00,2026-06-17
2026-06-17,23:45:00,GLDRUBF,FIZ,410359.0,504653.0,-94294.0,5946,1236,7584,176,2026-06-17T23:45:11+00:00,2026-06-17
2026-06-17,23:45:00,GLDRUBF,YUR,-410359.0,200992.0,-611351.0,30,36,7584,176,2026-06-17T23:45:11+00:00,2026-06-17
2026-06-17,23:45:00,GZ,FIZ,390218.0,436669.0,-46451.0,4288,964,7584,176,2026-06-17T23:45:11+00:00,2026-06-17
2026-06-17,23:45:00,GZ,YUR,-390218.0,304742.0,-694960.0,34,45,7584,176,2026-06-17T23:45:11+00:00,2026-06-17
2026-06-17,23:45:00,HS,FIZ,-24048.0,22275.0,-46323.0,248,79,7584,176,2026-06-17T23:45:11+00:00,2026-06-17
2026-06-17,23:45:00,HS,YUR,24048.0,36318.0,-12270.0,3,2,7584,176,2026-06-17T23:45:11+00:00,2026-06-17
2026-06-17,23:45:00,HY,FIZ,6279.0,9980.0,-3701.0,189,82,7584,176,2026-06-17T23:45:11+00:00,2026-06-17
2026-06-17,23:45:00,HY,YUR,-6279.0,9682.0,-15961.0,4,10,7584,176,2026-06-17T23:45:11+00:00,2026-06-17
2026-06-17,23:45:00,IB,FIZ,267421.0,398025.0,-130604.0,1870,346,7584,176,2026-06-17T23:45:11+00:00,2026-06-17
2026-06-17,23:45:00,IB,YUR,-267421.0,158799.0,-426220.0,12,13,7584,176,2026-06-17T23:45:11+00:00,2026-06-17
2026-06-17,23:45:00,IMOEXF,FIZ,413085.0,744367.0,-331282.0,10475,2564,7584,176,2026-06-17T23:45:11+00:00,2026-06-17
2026-06-17,23:45:00,IMOEXF,YUR,-413085.0,56353.0,-469438.0,46,37,7584,176,2026-06-17T23:45:11+00:00,2026-06-17
2026-06-17,23:45:00,KC,FIZ,-6575.0,146298.0,-152873.0,1278,717,7584,176,2026-06-17T23:45:11+00:00,2026-06-17
2026-06-17,23:45:00,KC,YUR,6575.0,9495.0,-2920.0,7,5,7584,176,2026-06-17T23:45:11+00:00,2026-06-17
2026-06-17,23:45:00,LK,FIZ,9627.0,16350.0,-6723.0,975,436,7584,176,2026-06-17T23:45:11+00:00,2026-06-17
2026-06-17,23:45:00,LK,YUR,-9627.0,147284.0,-156911.0,18,34,7584,176,2026-06-17T23:45:11+00:00,2026-06-17
2026-06-17,23:45:00,MC,FIZ,-7040.0,14997.0,-22037.0,408,222,7584,176,2026-06-17T23:45:11+00:00,2026-06-17
2026-06-17,23:45:00,MC,YUR,7040.0,13954.0,-6914.0,9,8,7584,176,2026-06-17T23:45:11+00:00,2026-06-17
2026-06-17,23:45:00,ME,FIZ,6045.0,8677.0,-2632.0,403,149,7584,176,2026-06-17T23:45:11+00:00,2026-06-17
2026-06-17,23:45:00,ME,YUR,-6045.0,21870.0,-27915.0,9,22,7584,176,2026-06-17T23:45:11+00:00,2026-06-17
2026-06-17,23:45:00,MG,FIZ,13106.0,14922.0,-1816.0,863,149,7584,176,2026-06-17T23:45:11+00:00,2026-06-17
2026-06-17,23:45:00,MG,YUR,-13106.0,9054.0,-22160.0,15,22,7584,176,2026-06-17T23:45:11+00:00,2026-06-17
2026-06-17,23:45:00,MM,FIZ,69450.0,188788.0,-119338.0,8170,1831,7584,176,2026-06-17T23:45:11+00:00,2026-06-17
2026-06-17,23:45:00,MM,YUR,-69450.0,17103.0,-86553.0,21,31,7584,176,2026-06-17T23:45:11+00:00,2026-06-17
2026-06-17,23:45:00,MN,FIZ,100285.0,146626.0,-46341.0,1110,368,7584,176,2026-06-17T23:45:11+00:00,2026-06-17
2026-06-17,23:45:00,MN,YUR,-100285.0,32659.0,-132944.0,10,30,7584,176,2026-06-17T23:45:11+00:00,2026-06-17
2026-06-17,23:45:00,MX,FIZ,101900.0,133946.0,-32046.0,4753,1500,7584,176,2026-06-17T23:45:11+00:00,2026-06-17
2026-06-17,23:45:00,MX,YUR,-101900.0,66842.0,-168742.0,72,70,7584,176,2026-06-17T23:45:11+00:00,2026-06-17
2026-06-17,23:45:00,MY,FIZ,-16.0,635.0,-651.0,64,26,7584,176,2026-06-17T23:45:11+00:00,2026-06-17
2026-06-17,23:45:00,MY,YUR,16.0,16.0,0.0,1,0,7584,176,2026-06-17T23:45:11+00:00,2026-06-17
2026-06-17,23:45:00,NA,FIZ,-165829.0,271549.0,-437378.0,1910,3827,7584,176,2026-06-17T23:45:11+00:00,2026-06-17
2026-06-17,23:45:00,NA,YUR,165829.0,372555.0,-206726.0,52,36,7584,176,2026-06-17T23:45:11+00:00,2026-06-17
2026-06-17,23:45:00,NG,FIZ,56041.0,167329.0,-111288.0,4926,3761,7584,176,2026-06-17T23:45:11+00:00,2026-06-17
2026-06-17,23:45:00,NG,YUR,-56041.0,88719.0,-144760.0,40,44,7584,176,2026-06-17T23:45:11+00:00,2026-06-17
2026-06-17,23:45:00,NM,FIZ,38429.0,42284.0,-3855.0,740,172,7584,176,2026-06-17T23:45:11+00:00,2026-06-17
2026-06-17,23:45:00,NM,YUR,-38429.0,7814.0,-46243.0,7,24,7584,176,2026-06-17T23:45:11+00:00,2026-06-17
2026-06-17,23:45:00,NR,FIZ,331109.0,855262.0,-524153.0,3269,1469,7584,176,2026-06-17T23:45:11+00:00,2026-06-17
2026-06-17,23:45:00,NR,YUR,-331109.0,55429.0,-386538.0,6,17,7584,176,2026-06-17T23:45:11+00:00,2026-06-17
2026-06-17,23:45:00,OJ,FIZ,3671.0,19715.0,-16044.0,913,213,7584,176,2026-06-17T23:45:11+00:00,2026-06-17
2026-06-17,23:45:00,OJ,YUR,-3671.0,101.0,-3772.0,2,3,7584,176,2026-06-17T23:45:11+00:00,2026-06-17
2026-06-17,23:45:00,PD,FIZ,14187.0,20054.0,-5867.0,1764,269,7584,176,2026-06-17T23:45:11+00:00,2026-06-17
2026-06-17,23:45:00,PD,YUR,-14187.0,10913.0,-25100.0,21,27,7584,176,2026-06-17T23:45:11+00:00,2026-06-17
2026-06-17,23:45:00,PT,FIZ,2604.0,7674.0,-5070.0,1174,218,7584,176,2026-06-17T23:45:11+00:00,2026-06-17
2026-06-17,23:45:00,PT,YUR,-2604.0,16984.0,-19588.0,17,28,7584,176,2026-06-17T23:45:11+00:00,2026-06-17
2026-06-17,23:45:00,RB,FIZ,456732.0,535589.0,-78857.0,2688,507,7584,176,2026-06-17T23:45:11+00:00,2026-06-17
2026-06-17,23:45:00,RB,YUR,-456732.0,141046.0,-597778.0,18,15,7584,176,2026-06-17T23:45:11+00:00,2026-06-17
2026-06-17,23:45:00,RI,FIZ,8331.0,25096.0,-16765.0,1400,931,7584,176,2026-06-17T23:45:11+00:00,2026-06-17
2026-06-17,23:45:00,RI,YUR,-8331.0,11457.0,-19788.0,32,43,7584,176,2026-06-17T23:45:11+00:00,2026-06-17
2026-06-17,23:45:00,RL,FIZ,2.0,32344.0,-32342.0,561,171,7584,176,2026-06-17T23:45:11+00:00,2026-06-17
2026-06-17,23:45:00,RL,YUR,-2.0,42731.0,-42733.0,14,15,7584,176,2026-06-17T23:45:11+00:00,2026-06-17
2026-06-17,23:45:00,RM,FIZ,996.0,7191.0,-6195.0,472,381,7584,176,2026-06-17T23:45:11+00:00,2026-06-17
2026-06-17,23:45:00,RM,YUR,-996.0,792.0,-1788.0,6,8,7584,176,2026-06-17T23:45:11+00:00,2026-06-17
2026-06-17,23:45:00,RN,FIZ,17631.0,20565.0,-2934.0,1027,322,7584,176,2026-06-17T23:45:11+00:00,2026-06-17
2026-06-17,23:45:00,RN,YUR,-17631.0,6262.0,-23893.0,14,17,7584,176,2026-06-17T23:45:11+00:00,2026-06-17
2026-06-17,23:45:00,SBERF,FIZ,48274.0,66321.0,-18047.0,1359,504,7584,176,2026-06-17T23:45:11+00:00,2026-06-17
2026-06-17,23:45:00,SBERF,YUR,-48274.0,43941.0,-92215.0,16,19,7584,176,2026-06-17T23:45:11+00:00,2026-06-17
2026-06-17,23:45:00,SE,FIZ,16682.0,20870.0,-4188.0,144,47,7584,176,2026-06-17T23:45:11+00:00,2026-06-17
2026-06-17,23:45:00,SE,YUR,-16682.0,10434.0,-27116.0,7,16,7584,176,2026-06-17T23:45:11+00:00,2026-06-17
2026-06-17,23:45:00,SF,FIZ,22999.0,158404.0,-135405.0,1445,3718,7584,176,2026-06-17T23:45:11+00:00,2026-06-17
2026-06-17,23:45:00,SF,YUR,-22999.0,126492.0,-149491.0,46,30,7584,176,2026-06-17T23:45:11+00:00,2026-06-17
2026-06-17,23:45:00,SI,FIZ,1846336.0,2016461.0,-170125.0,18320,2233,7584,176,2026-06-17T23:45:11+00:00,2026-06-17
2026-06-17,23:45:00,SI,YUR,-1846336.0,4631374.0,-6477710.0,439,164,7584,176,2026-06-17T23:45:11+00:00,2026-06-17
2026-06-17,23:45:00,SN,FIZ,16311.0,18221.0,-1910.0,426,78,7584,176,2026-06-17T23:45:11+00:00,2026-06-17
2026-06-17,23:45:00,SN,YUR,-16311.0,7509.0,-23820.0,15,16,7584,176,2026-06-17T23:45:11+00:00,2026-06-17
2026-06-17,23:45:00,SP,FIZ,8534.0,9886.0,-1352.0,413,112,7584,176,2026-06-17T23:45:11+00:00,2026-06-17
2026-06-17,23:45:00,SP,YUR,-8534.0,4058.0,-12592.0,12,17,7584,176,2026-06-17T23:45:11+00:00,2026-06-17
2026-06-17,23:45:00,SR,FIZ,133818.0,174665.0,-40847.0,3017,1013,7584,176,2026-06-17T23:45:11+00:00,2026-06-17
2026-06-17,23:45:00,SR,YUR,-133818.0,128698.0,-262516.0,41,45,7584,176,2026-06-17T23:45:11+00:00,2026-06-17
2026-06-17,23:45:00,SS,FIZ,30308.0,779833.0,-749525.0,1765,815,7584,176,2026-06-17T23:45:11+00:00,2026-06-17
2026-06-17,23:45:00,SS,YUR,-30308.0,561889.0,-592197.0,13,14,7584,176,2026-06-17T23:45:11+00:00,2026-06-17
2026-06-17,23:45:00,SV,FIZ,91993.0,167743.0,-75750.0,6052,2681,7584,176,2026-06-17T23:45:11+00:00,2026-06-17
2026-06-17,23:45:00,SV,YUR,-91993.0,106016.0,-198009.0,70,60,7584,176,2026-06-17T23:45:11+00:00,2026-06-17
2026-06-17,23:45:00,TN,FIZ,105519.0,129933.0,-24414.0,538,105,7584,176,2026-06-17T23:45:11+00:00,2026-06-17
2026-06-17,23:45:00,TN,YUR,-105519.0,4773.0,-110292.0,7,12,7584,176,2026-06-17T23:45:11+00:00,2026-06-17
2026-06-17,23:45:00,TT,FIZ,1042.0,2449.0,-1407.0,196,147,7584,176,2026-06-17T23:45:11+00:00,2026-06-17
2026-06-17,23:45:00,TT,YUR,-1042.0,1377.0,-2419.0,8,14,7584,176,2026-06-17T23:45:11+00:00,2026-06-17
2026-06-17,23:45:00,UC,FIZ,-27603.0,5102.0,-32705.0,73,69,7584,176,2026-06-17T23:45:11+00:00,2026-06-17
2026-06-17,23:45:00,UC,YUR,27603.0,174530.0,-146927.0,17,34,7584,176,2026-06-17T23:45:11+00:00,2026-06-17
2026-06-17,23:45:00,USDRUBF,FIZ,315637.0,617243.0,-301606.0,12603,1277,7584,176,2026-06-17T23:45:11+00:00,2026-06-17
2026-06-17,23:45:00,USDRUBF,YUR,-315637.0,136715.0,-452352.0,101,66,7584,176,2026-06-17T23:45:11+00:00,2026-06-17
2026-06-17,23:45:00,VB,FIZ,359826.0,406769.0,-46943.0,2196,753,7584,176,2026-06-17T23:45:11+00:00,2026-06-17
2026-06-17,23:45:00,VB,YUR,-359826.0,252264.0,-612090.0,28,20,7584,176,2026-06-17T23:45:11+00:00,2026-06-17
2026-06-17,23:45:00,VI,FIZ,0.0,646.0,-646.0,27,16,7584,176,2026-06-17T23:45:11+00:00,2026-06-17
2026-06-17,23:45:00,W4,FIZ,7392.0,13920.0,-6528.0,752,83,7584,176,2026-06-17T23:45:11+00:00,2026-06-17
2026-06-17,23:45:00,W4,YUR,-7392.0,2675.0,-10067.0,6,5,7584,176,2026-06-17T23:45:11+00:00,2026-06-17
2026-06-17,23:45:00,X5,FIZ,164003.0,199419.0,-35416.0,1288,246,7584,176,2026-06-17T23:45:11+00:00,2026-06-17
2026-06-17,23:45:00,X5,YUR,-164003.0,202446.0,-366449.0,13,12,7584,176,2026-06-17T23:45:11+00:00,2026-06-17
2026-06-17,23:45:00,YD,FIZ,233368.0,250457.0,-17089.0,1709,288,7584,176,2026-06-17T23:45:11+00:00,2026-06-17
2026-06-17,23:45:00,YD,YUR,-233368.0,195598.0,-428966.0,14,35,7584,176,2026-06-17T23:45:11+00:00,2026-06-17
2026-06-17,23:50:00,AF,FIZ,49693.0,75157.0,-25464.0,915,382,7584,177,2026-06-17T23:50:11+00:00,2026-06-17
2026-06-17,23:50:00,AF,YUR,-49693.0,40470.0,-90163.0,13,14,7584,177,2026-06-17T23:50:11+00:00,2026-06-17
2026-06-17,23:50:00,AL,FIZ,46522.0,83263.0,-36741.0,1011,458,7584,177,2026-06-17T23:50:11+00:00,2026-06-17
2026-06-17,23:50:00,AL,YUR,-46522.0,40075.0,-86597.0,11,19,7584,177,2026-06-17T23:50:11+00:00,2026-06-17
2026-06-17,23:50:00,AU,FIZ,-1.0,1.0,-2.0,1,2,7584,177,2026-06-17T23:50:11+00:00,2026-06-17
2026-06-17,23:50:00,AU,YUR,1.0,1.0,0.0,1,0,7584,177,2026-06-17T23:50:11+00:00,2026-06-17
2026-06-17,23:50:00,BM,FIZ,55477.0,151943.0,-96466.0,5144,1649,7584,177,2026-06-17T23:50:11+00:00,2026-06-17
2026-06-17,23:50:00,BM,YUR,-55477.0,10738.0,-66215.0,14,18,7584,177,2026-06-17T23:50:11+00:00,2026-06-17
2026-06-17,23:50:00,BR,FIZ,121086.0,289649.0,-168563.0,8871,3171,7584,177,2026-06-17T23:50:11+00:00,2026-06-17
2026-06-17,23:50:00,BR,YUR,-121086.0,101370.0,-222456.0,77,42,7584,177,2026-06-17T23:50:11+00:00,2026-06-17
2026-06-17,23:50:00,CC,FIZ,-4692.0,406204.0,-410896.0,3564,2554,7584,177,2026-06-17T23:50:11+00:00,2026-06-17
2026-06-17,23:50:00,CC,YUR,4692.0,30984.0,-26292.0,4,15,7584,177,2026-06-17T23:50:11+00:00,2026-06-17
2026-06-17,23:50:00,CE,FIZ,36234.0,47536.0,-11302.0,947,213,7584,177,2026-06-17T23:50:11+00:00,2026-06-17
2026-06-17,23:50:00,CE,YUR,-36234.0,12523.0,-48757.0,9,3,7584,177,2026-06-17T23:50:11+00:00,2026-06-17
2026-06-17,23:50:00,CH,FIZ,1272.0,1386.0,-114.0,187,24,7584,177,2026-06-17T23:50:11+00:00,2026-06-17
2026-06-17,23:50:00,CH,YUR,-1272.0,1156.0,-2428.0,6,13,7584,177,2026-06-17T23:50:11+00:00,2026-06-17
2026-06-17,23:50:00,CNYRUBF,FIZ,4708285.0,5327417.0,-619132.0,13408,1281,7584,177,2026-06-17T23:50:11+00:00,2026-06-17
2026-06-17,23:50:00,CNYRUBF,YUR,-4708285.0,2982527.0,-7690812.0,117,47,7584,177,2026-06-17T23:50:11+00:00,2026-06-17
2026-06-17,23:50:00,CR,FIZ,6491271.0,7309280.0,-818009.0,19948,2580,7584,177,2026-06-17T23:50:11+00:00,2026-06-17
2026-06-17,23:50:00,CR,YUR,-6491271.0,19567302.0,-26058573.0,314,85,7584,177,2026-06-17T23:50:11+00:00,2026-06-17
2026-06-17,23:50:00,DX,FIZ,-1154.0,4326.0,-5480.0,82,186,7584,177,2026-06-17T23:50:11+00:00,2026-06-17
2026-06-17,23:50:00,DX,YUR,1154.0,1154.0,0.0,3,0,7584,177,2026-06-17T23:50:11+00:00,2026-06-17
2026-06-17,23:50:00,ED,FIZ,55117.0,109545.0,-54428.0,721,480,7584,177,2026-06-17T23:50:11+00:00,2026-06-17
2026-06-17,23:50:00,ED,YUR,-55117.0,408060.0,-463177.0,49,38,7584,177,2026-06-17T23:50:11+00:00,2026-06-17
2026-06-17,23:50:00,EU,FIZ,117021.0,128304.0,-11283.0,1789,171,7584,177,2026-06-17T23:50:11+00:00,2026-06-17
2026-06-17,23:50:00,EU,YUR,-117021.0,1005168.0,-1122189.0,110,65,7584,177,2026-06-17T23:50:11+00:00,2026-06-17
2026-06-17,23:50:00,EURRUBF,FIZ,15687.0,28228.0,-12541.0,1087,211,7584,177,2026-06-17T23:50:11+00:00,2026-06-17
2026-06-17,23:50:00,EURRUBF,YUR,-15687.0,30836.0,-46523.0,33,22,7584,177,2026-06-17T23:50:11+00:00,2026-06-17
2026-06-17,23:50:00,FF,FIZ,31524.0,42909.0,-11385.0,819,210,7584,177,2026-06-17T23:50:11+00:00,2026-06-17
2026-06-17,23:50:00,FF,YUR,-31524.0,75.0,-31599.0,1,2,7584,177,2026-06-17T23:50:11+00:00,2026-06-17
2026-06-17,23:50:00,GAZPF,FIZ,203080.0,213189.0,-10109.0,2485,313,7584,177,2026-06-17T23:50:11+00:00,2026-06-17
2026-06-17,23:50:00,GAZPF,YUR,-203080.0,6526.0,-209606.0,10,19,7584,177,2026-06-17T23:50:11+00:00,2026-06-17
2026-06-17,23:50:00,GD,FIZ,87898.0,110952.0,-23054.0,4317,1578,7584,177,2026-06-17T23:50:11+00:00,2026-06-17
2026-06-17,23:50:00,GD,YUR,-87898.0,121434.0,-209332.0,97,65,7584,177,2026-06-17T23:50:11+00:00,2026-06-17
2026-06-17,23:50:00,GK,FIZ,109361.0,239894.0,-130533.0,1469,598,7584,177,2026-06-17T23:50:11+00:00,2026-06-17
2026-06-17,23:50:00,GK,YUR,-109361.0,265864.0,-375225.0,7,27,7584,177,2026-06-17T23:50:11+00:00,2026-06-17
2026-06-17,23:50:00,GL,FIZ,225331.0,241689.0,-16358.0,2500,347,7584,177,2026-06-17T23:50:11+00:00,2026-06-17
2026-06-17,23:50:00,GL,YUR,-225331.0,779092.0,-1004423.0,45,25,7584,177,2026-06-17T23:50:11+00:00,2026-06-17
2026-06-17,23:50:00,GLDRUBF,FIZ,410506.0,504862.0,-94356.0,5938,1242,7584,177,2026-06-17T23:50:11+00:00,2026-06-17
2026-06-17,23:50:00,GLDRUBF,YUR,-410506.0,200890.0,-611396.0,29,36,7584,177,2026-06-17T23:50:11+00:00,2026-06-17
2026-06-17,23:50:00,GZ,FIZ,390218.0,437345.0,-47127.0,4293,967,7584,177,2026-06-17T23:50:11+00:00,2026-06-17
2026-06-17,23:50:00,GZ,YUR,-390218.0,304742.0,-694960.0,34,45,7584,177,2026-06-17T23:50:11+00:00,2026-06-17
2026-06-17,23:50:00,HS,FIZ,-24048.0,22275.0,-46323.0,248,79,7584,177,2026-06-17T23:50:11+00:00,2026-06-17
2026-06-17,23:50:00,HS,YUR,24048.0,36318.0,-12270.0,3,2,7584,177,2026-06-17T23:50:11+00:00,2026-06-17
2026-06-17,23:50:00,HY,FIZ,6273.0,9974.0,-3701.0,188,82,7584,177,2026-06-17T23:50:11+00:00,2026-06-17
2026-06-17,23:50:00,HY,YUR,-6273.0,9682.0,-15955.0,4,10,7584,177,2026-06-17T23:50:11+00:00,2026-06-17
2026-06-17,23:50:00,IB,FIZ,265320.0,395770.0,-130450.0,1871,345,7584,177,2026-06-17T23:50:11+00:00,2026-06-17
2026-06-17,23:50:00,IB,YUR,-265320.0,158799.0,-424119.0,12,13,7584,177,2026-06-17T23:50:11+00:00,2026-06-17
2026-06-17,23:50:00,IMOEXF,FIZ,413110.0,744612.0,-331502.0,10471,2567,7584,177,2026-06-17T23:50:11+00:00,2026-06-17
2026-06-17,23:50:00,IMOEXF,YUR,-413110.0,56282.0,-469392.0,46,36,7584,177,2026-06-17T23:50:11+00:00,2026-06-17
2026-06-17,23:50:00,KC,FIZ,-6575.0,146131.0,-152706.0,1277,719,7584,177,2026-06-17T23:50:11+00:00,2026-06-17
2026-06-17,23:50:00,KC,YUR,6575.0,9495.0,-2920.0,7,5,7584,177,2026-06-17T23:50:11+00:00,2026-06-17
2026-06-17,23:50:00,LK,FIZ,9611.0,16366.0,-6755.0,976,441,7584,177,2026-06-17T23:50:11+00:00,2026-06-17
2026-06-17,23:50:00,LK,YUR,-9611.0,147288.0,-156899.0,18,34,7584,177,2026-06-17T23:50:11+00:00,2026-06-17
2026-06-17,23:50:00,MC,FIZ,-7058.0,14997.0,-22055.0,408,225,7584,177,2026-06-17T23:50:11+00:00,2026-06-17
2026-06-17,23:50:00,MC,YUR,7058.0,13972.0,-6914.0,9,8,7584,177,2026-06-17T23:50:11+00:00,2026-06-17
2026-06-17,23:50:00,ME,FIZ,6045.0,8662.0,-2617.0,402,148,7584,177,2026-06-17T23:50:11+00:00,2026-06-17
2026-06-17,23:50:00,ME,YUR,-6045.0,21870.0,-27915.0,9,22,7584,177,2026-06-17T23:50:11+00:00,2026-06-17
2026-06-17,23:50:00,MG,FIZ,13156.0,14972.0,-1816.0,863,149,7584,177,2026-06-17T23:50:11+00:00,2026-06-17
2026-06-17,23:50:00,MG,YUR,-13156.0,9056.0,-22212.0,15,22,7584,177,2026-06-17T23:50:11+00:00,2026-06-17
2026-06-17,23:50:00,MM,FIZ,69584.0,188774.0,-119190.0,8172,1827,7584,177,2026-06-17T23:50:11+00:00,2026-06-17
2026-06-17,23:50:00,MM,YUR,-69584.0,17095.0,-86679.0,21,31,7584,177,2026-06-17T23:50:11+00:00,2026-06-17
2026-06-17,23:50:00,MN,FIZ,100285.0,146627.0,-46342.0,1110,369,7584,177,2026-06-17T23:50:11+00:00,2026-06-17
2026-06-17,23:50:00,MN,YUR,-100285.0,32759.0,-133044.0,10,30,7584,177,2026-06-17T23:50:11+00:00,2026-06-17
2026-06-17,23:50:00,MX,FIZ,101880.0,133964.0,-32084.0,4754,1495,7584,177,2026-06-17T23:50:11+00:00,2026-06-17
2026-06-17,23:50:00,MX,YUR,-101880.0,66834.0,-168714.0,72,69,7584,177,2026-06-17T23:50:11+00:00,2026-06-17
2026-06-17,23:50:00,MY,FIZ,-16.0,635.0,-651.0,64,26,7584,177,2026-06-17T23:50:11+00:00,2026-06-17
2026-06-17,23:50:00,MY,YUR,16.0,16.0,0.0,1,0,7584,177,2026-06-17T23:50:11+00:00,2026-06-17
2026-06-17,23:50:00,NA,FIZ,-165811.0,270868.0,-436679.0,1899,3820,7584,177,2026-06-17T23:50:11+00:00,2026-06-17
2026-06-17,23:50:00,NA,YUR,165811.0,372537.0,-206726.0,52,36,7584,177,2026-06-17T23:50:11+00:00,2026-06-17
2026-06-17,23:50:00,NG,FIZ,56466.0,166425.0,-109959.0,4879,3724,7584,177,2026-06-17T23:50:11+00:00,2026-06-17
2026-06-17,23:50:00,NG,YUR,-56466.0,87753.0,-144219.0,38,43,7584,177,2026-06-17T23:50:11+00:00,2026-06-17
2026-06-17,23:50:00,NM,FIZ,38419.0,42274.0,-3855.0,739,172,7584,177,2026-06-17T23:50:11+00:00,2026-06-17
2026-06-17,23:50:00,NM,YUR,-38419.0,7818.0,-46237.0,7,24,7584,177,2026-06-17T23:50:11+00:00,2026-06-17
2026-06-17,23:50:00,NR,FIZ,336864.0,852815.0,-515951.0,3266,1461,7584,177,2026-06-17T23:50:11+00:00,2026-06-17
2026-06-17,23:50:00,NR,YUR,-336864.0,55184.0,-392048.0,6,17,7584,177,2026-06-17T23:50:11+00:00,2026-06-17
2026-06-17,23:50:00,OJ,FIZ,3670.0,19712.0,-16042.0,912,213,7584,177,2026-06-17T23:50:11+00:00,2026-06-17
2026-06-17,23:50:00,OJ,YUR,-3670.0,101.0,-3771.0,2,2,7584,177,2026-06-17T23:50:11+00:00,2026-06-17
2026-06-17,23:50:00,PD,FIZ,14359.0,20082.0,-5723.0,1764,268,7584,177,2026-06-17T23:50:11+00:00,2026-06-17
2026-06-17,23:50:00,PD,YUR,-14359.0,10897.0,-25256.0,20,27,7584,177,2026-06-17T23:50:11+00:00,2026-06-17
2026-06-17,23:50:00,PT,FIZ,2598.0,7646.0,-5048.0,1171,216,7584,177,2026-06-17T23:50:11+00:00,2026-06-17
2026-06-17,23:50:00,PT,YUR,-2598.0,16979.0,-19577.0,17,28,7584,177,2026-06-17T23:50:11+00:00,2026-06-17
2026-06-17,23:50:00,RB,FIZ,456732.0,535589.0,-78857.0,2688,507,7584,177,2026-06-17T23:50:11+00:00,2026-06-17
2026-06-17,23:50:00,RB,YUR,-456732.0,141046.0,-597778.0,18,15,7584,177,2026-06-17T23:50:11+00:00,2026-06-17
2026-06-17,23:50:00,RI,FIZ,8352.0,25066.0,-16714.0,1405,924,7584,177,2026-06-17T23:50:11+00:00,2026-06-17
2026-06-17,23:50:00,RI,YUR,-8352.0,11426.0,-19778.0,32,43,7584,177,2026-06-17T23:50:11+00:00,2026-06-17
2026-06-17,23:50:00,RL,FIZ,-1.0,32338.0,-32339.0,561,171,7584,177,2026-06-17T23:50:11+00:00,2026-06-17
2026-06-17,23:50:00,RL,YUR,1.0,42734.0,-42733.0,14,15,7584,177,2026-06-17T23:50:11+00:00,2026-06-17
2026-06-17,23:50:00,RM,FIZ,988.0,7186.0,-6198.0,472,380,7584,177,2026-06-17T23:50:11+00:00,2026-06-17
2026-06-17,23:50:00,RM,YUR,-988.0,792.0,-1780.0,6,8,7584,177,2026-06-17T23:50:11+00:00,2026-06-17
2026-06-17,23:50:00,RN,FIZ,17644.0,20568.0,-2924.0,1032,321,7584,177,2026-06-17T23:50:11+00:00,2026-06-17
2026-06-17,23:50:00,RN,YUR,-17644.0,6262.0,-23906.0,14,17,7584,177,2026-06-17T23:50:11+00:00,2026-06-17
2026-06-17,23:50:00,SBERF,FIZ,48274.0,66326.0,-18052.0,1358,505,7584,177,2026-06-17T23:50:11+00:00,2026-06-17
2026-06-17,23:50:00,SBERF,YUR,-48274.0,43941.0,-92215.0,16,19,7584,177,2026-06-17T23:50:11+00:00,2026-06-17
2026-06-17,23:50:00,SE,FIZ,16682.0,20870.0,-4188.0,144,47,7584,177,2026-06-17T23:50:11+00:00,2026-06-17
2026-06-17,23:50:00,SE,YUR,-16682.0,10434.0,-27116.0,7,16,7584,177,2026-06-17T23:50:11+00:00,2026-06-17
2026-06-17,23:50:00,SF,FIZ,22964.0,158284.0,-135320.0,1445,3715,7584,177,2026-06-17T23:50:11+00:00,2026-06-17
2026-06-17,23:50:00,SF,YUR,-22964.0,126520.0,-149484.0,46,30,7584,177,2026-06-17T23:50:11+00:00,2026-06-17
2026-06-17,23:50:00,SI,FIZ,1846224.0,2016000.0,-169776.0,18292,2223,7584,177,2026-06-17T23:50:11+00:00,2026-06-17
2026-06-17,23:50:00,SI,YUR,-1846224.0,4631146.0,-6477370.0,439,162,7584,177,2026-06-17T23:50:11+00:00,2026-06-17
2026-06-17,23:50:00,SN,FIZ,16311.0,18221.0,-1910.0,426,78,7584,177,2026-06-17T23:50:11+00:00,2026-06-17
2026-06-17,23:50:00,SN,YUR,-16311.0,7511.0,-23822.0,15,16,7584,177,2026-06-17T23:50:11+00:00,2026-06-17
2026-06-17,23:50:00,SP,FIZ,8449.0,9800.0,-1351.0,410,111,7584,177,2026-06-17T23:50:11+00:00,2026-06-17
2026-06-17,23:50:00,SP,YUR,-8449.0,4143.0,-12592.0,12,17,7584,177,2026-06-17T23:50:11+00:00,2026-06-17
2026-06-17,23:50:00,SR,FIZ,133818.0,174660.0,-40842.0,3015,1012,7584,177,2026-06-17T23:50:11+00:00,2026-06-17
2026-06-17,23:50:00,SR,YUR,-133818.0,128698.0,-262516.0,41,45,7584,177,2026-06-17T23:50:11+00:00,2026-06-17
2026-06-17,23:50:00,SS,FIZ,32474.0,777610.0,-745136.0,1761,812,7584,177,2026-06-17T23:50:11+00:00,2026-06-17
2026-06-17,23:50:00,SS,YUR,-32474.0,560879.0,-593353.0,13,12,7584,177,2026-06-17T23:50:11+00:00,2026-06-17
2026-06-17,23:50:00,SV,FIZ,91479.0,165884.0,-74405.0,6001,2659,7584,177,2026-06-17T23:50:11+00:00,2026-06-17
2026-06-17,23:50:00,SV,YUR,-91479.0,105056.0,-196535.0,68,57,7584,177,2026-06-17T23:50:11+00:00,2026-06-17
2026-06-17,23:50:00,TN,FIZ,105519.0,129933.0,-24414.0,538,105,7584,177,2026-06-17T23:50:11+00:00,2026-06-17
2026-06-17,23:50:00,TN,YUR,-105519.0,4773.0,-110292.0,7,12,7584,177,2026-06-17T23:50:11+00:00,2026-06-17
2026-06-17,23:50:00,TT,FIZ,1042.0,2449.0,-1407.0,195,147,7584,177,2026-06-17T23:50:11+00:00,2026-06-17
2026-06-17,23:50:00,TT,YUR,-1042.0,1376.0,-2418.0,8,14,7584,177,2026-06-17T23:50:11+00:00,2026-06-17
2026-06-17,23:50:00,UC,FIZ,-27617.0,5089.0,-32706.0,73,70,7584,177,2026-06-17T23:50:11+00:00,2026-06-17
2026-06-17,23:50:00,UC,YUR,27617.0,174176.0,-146559.0,17,33,7584,177,2026-06-17T23:50:11+00:00,2026-06-17
2026-06-17,23:50:00,USDRUBF,FIZ,315501.0,617105.0,-301604.0,12601,1275,7584,177,2026-06-17T23:50:11+00:00,2026-06-17
2026-06-17,23:50:00,USDRUBF,YUR,-315501.0,136542.0,-452043.0,100,66,7584,177,2026-06-17T23:50:11+00:00,2026-06-17
2026-06-17,23:50:00,VB,FIZ,359826.0,406942.0,-47116.0,2194,754,7584,177,2026-06-17T23:50:11+00:00,2026-06-17
2026-06-17,23:50:00,VB,YUR,-359826.0,252264.0,-612090.0,28,20,7584,177,2026-06-17T23:50:11+00:00,2026-06-17
2026-06-17,23:50:00,VI,FIZ,0.0,646.0,-646.0,27,16,7584,177,2026-06-17T23:50:11+00:00,2026-06-17
2026-06-17,23:50:00,W4,FIZ,7392.0,13920.0,-6528.0,752,83,7584,177,2026-06-17T23:50:11+00:00,2026-06-17
2026-06-17,23:50:00,W4,YUR,-7392.0,2675.0,-10067.0,6,5,7584,177,2026-06-17T23:50:11+00:00,2026-06-17
2026-06-17,23:50:00,X5,FIZ,163999.0,199415.0,-35416.0,1288,246,7584,177,2026-06-17T23:50:11+00:00,2026-06-17
2026-06-17,23:50:00,X5,YUR,-163999.0,202451.0,-366450.0,13,12,7584,177,2026-06-17T23:50:11+00:00,2026-06-17
2026-06-17,23:50:00,YD,FIZ,230791.0,247872.0,-17081.0,1707,288,7584,177,2026-06-17T23:50:11+00:00,2026-06-17
2026-06-17,23:50:00,YD,YUR,-230791.0,199550.0,-430341.0,14,34,7584,177,2026-06-17T23:50:11+00:00,2026-06-17
